amount,time,location_distance,device_type,previous_fraud,is_fraud
15895,21,739,1,0,0
960,8,106,0,0,0
38258,6,193,0,0,0
44832,13,316,1,0,0
11384,18,302,1,1,1
6365,18,548,0,1,1
16950,1,954,1,0,0
37294,8,716,0,0,1
22062,12,934,0,1,1
47291,14,779,0,1,1
44231,2,268,0,1,1
16123,10,170,0,0,0
41190,20,551,1,0,1
1785,13,455,1,1,1
869,7,651,0,1,1
2533,17,292,1,0,0
5411,18,564,1,0,0
37919,15,799,0,0,1
39288,1,801,1,0,1
17668,7,141,1,1,1
19869,21,146,0,1,1
28793,5,425,0,1,1
6496,11,314,0,0,0
27580,14,184,0,0,0
41534,7,664,0,0,1
25758,3,713,0,1,1
19042,14,128,0,1,1
18531,19,287,1,1,1
2847,16,823,0,0,0
289,12,253,1,0,0
19218,17,778,1,1,1
35873,1,700,0,0,1
1999,12,386,1,1,1
1367,12,230,1,1,1
31651,21,271,1,1,1
11494,14,771,0,1,1
3656,19,811,1,0,0
3990,9,415,1,0,0
41706,2,198,0,0,0
30840,18,323,1,0,0
14602,2,56,1,0,0
21877,21,831,1,0,0
10727,13,203,1,1,1
8892,7,783,1,0,0
43423,22,621,0,0,1
43121,3,628,1,0,1
8533,19,604,0,1,1
43101,10,138,1,0,0
11116,10,422,0,1,1
23997,10,815,0,0,0
2712,1,57,0,0,0
23583,16,562,1,0,0
48655,8,71,1,1,1
17259,1,911,1,1,1
45074,23,914,1,0,1
41094,14,594,1,0,1
14641,15,372,0,0,0
36020,3,617,0,1,1
26631,7,600,0,1,1
1685,8,514,1,0,0
4043,4,872,1,1,1
24039,15,84,0,1,1
19557,12,994,1,1,1
1121,6,43,1,1,1
11753,19,666,0,0,0
43673,16,839,0,0,1
13517,2,934,1,1,1
40857,4,606,1,1,1
9792,18,810,0,1,1
45858,11,133,1,0,0
6973,6,395,0,0,0
5775,8,65,0,1,1
261,5,290,0,1,1
37165,16,376,1,1,1
26657,15,769,0,1,1
33863,22,467,0,0,0
32706,2,898,1,0,1
11634,20,213,0,0,0
29227,3,148,1,0,0
40497,9,573,1,0,1
25951,4,471,1,0,0
1116,20,149,0,1,1
24353,21,88,0,1,1
24376,9,324,1,0,0
23347,11,895,1,0,0
24400,9,396,1,0,0
8629,12,790,0,1,1
17362,10,404,1,1,1
9368,21,82,1,1,1
21371,15,641,1,1,1
12285,7,286,0,0,0
21343,7,382,1,1,1
39199,7,865,0,0,1
8671,12,792,0,1,1
40076,1,270,1,1,1
38144,11,292,1,1,1
49316,9,453,1,1,1
49084,11,715,0,0,1
40874,10,24,0,0,0
2668,14,956,0,0,0
2127,15,863,1,0,0
2795,16,311,0,0,0
48290,1,461,1,0,0
5358,17,208,1,0,0
22102,11,792,1,1,1
39604,18,717,0,0,1
33259,22,664,0,1,1
14086,17,438,0,0,0
12766,16,538,1,1,1
38760,5,706,0,0,1
3661,14,336,0,1,1
26954,2,422,1,0,0
39052,5,750,1,0,1
22762,2,321,0,0,0
8492,0,497,1,0,0
30635,12,587,0,1,1
13167,20,947,1,0,0
48133,13,163,1,0,0
23699,12,811,0,1,1
35322,3,541,1,0,1
11937,6,165,1,1,1
14139,21,849,1,1,1
30918,9,698,0,0,1
19215,6,566,1,0,0
11065,20,295,1,1,1
24638,14,42,0,0,0
42630,14,924,0,1,1
5156,3,285,1,0,0
32582,22,939,1,0,1
47816,22,387,1,1,1
8210,5,138,0,0,0
13873,23,187,1,0,0
27366,19,910,0,0,0
17512,4,716,0,1,1
33370,19,431,1,0,0
7010,11,554,1,1,1
45553,0,862,0,0,1
25546,7,416,1,1,1
306,0,800,1,0,0
21618,4,426,0,0,0
22461,21,416,1,1,1
23519,5,26,0,0,0
48802,20,371,1,1,1
41623,2,385,0,0,0
45251,14,56,0,1,1
22503,4,253,1,0,0
18241,23,634,0,1,1
14920,13,106,0,0,0
40442,17,130,1,1,1
6474,15,849,1,1,1
1778,5,670,1,0,0
33927,23,376,0,1,1
16298,13,743,0,1,1
10014,23,967,0,0,0
27990,7,308,1,0,0
22399,6,91,0,0,0
43685,7,393,0,0,0
43789,12,534,1,0,1
42657,5,802,0,0,1
49180,17,110,1,1,1
44120,1,561,1,1,1
2793,7,641,1,1,1
29567,10,585,0,0,0
29823,0,340,0,0,0
46799,21,565,0,1,1
3727,5,979,1,1,1
26039,15,356,1,0,0
49025,19,892,1,1,1
43041,11,168,0,0,0
21934,10,557,0,0,0
18147,9,452,0,1,1
26205,2,905,0,0,0
10330,12,105,0,0,0
15807,2,150,1,0,0
22076,14,146,0,0,0
44362,15,716,1,1,1
23876,12,874,1,0,0
30180,16,299,0,0,0
1406,2,167,1,1,1
6876,19,713,0,0,0
27351,10,646,0,0,0
9574,20,723,1,1,1
40394,18,48,0,1,1
22059,21,638,0,0,0
5630,10,239,1,0,0
29420,15,7,1,1,1
3848,20,464,1,0,0
32068,2,453,1,0,0
32662,21,784,1,0,1
13645,5,897,1,1,1
763,13,371,0,0,0
34866,23,549,0,1,1
8094,17,487,0,1,1
28121,16,211,1,1,1
30403,3,165,0,1,1
3404,22,125,1,0,0
46676,14,337,0,1,1
39453,10,192,1,0,0
17775,2,730,0,1,1
44517,2,214,1,1,1
24038,15,574,1,0,0
23764,4,328,1,1,1
1736,20,957,1,1,1
20180,9,381,0,0,0
27828,18,673,0,1,1
49950,3,578,1,1,1
26836,18,798,1,1,1
28773,10,239,1,0,0
37605,1,532,0,1,1
47423,9,700,1,0,1
46745,10,82,1,0,0
954,19,363,0,0,0
24648,15,505,1,1,1
38723,18,202,1,1,1
7492,22,920,0,1,1
46817,23,504,1,1,1
21656,10,644,1,0,0
38659,13,37,0,0,0
26409,1,644,1,1,1
22019,22,589,0,1,1
5031,4,601,1,0,0
33070,4,973,1,1,1
44315,18,402,1,1,1
12788,20,765,1,1,1
25442,11,856,1,1,1
37257,17,706,0,1,1
2427,3,176,1,1,1
40872,21,545,1,0,1
40645,16,570,0,0,1
297,9,467,0,0,0
23609,19,201,1,0,0
34798,5,540,0,1,1
44642,13,547,1,1,1
15187,10,999,0,0,0
22771,10,637,0,0,0
25284,17,394,1,0,0
27948,22,833,0,0,0
42207,21,42,1,0,0
20766,17,597,0,1,1
44457,23,393,0,1,1
15808,22,700,0,0,0
26470,10,623,1,0,0
49911,20,783,1,1,1
2911,11,995,0,1,1
47111,4,441,1,1,1
6646,22,837,1,0,0
34854,8,617,1,1,1
30306,8,506,0,0,1
41206,21,918,1,0,1
11511,9,320,0,1,1
3011,21,553,0,1,1
1834,18,215,0,1,1
18327,0,71,0,0,0
8780,6,568,0,1,1
19460,3,919,1,1,1
18443,0,236,1,0,0
5859,14,281,0,1,1
23178,7,987,1,1,1
35253,11,617,1,0,1
11211,21,902,1,0,0
37604,21,887,1,0,1
1902,17,162,1,0,0
8255,14,191,1,0,0
8220,16,9,1,1,1
39484,13,60,0,1,1
47125,13,893,0,0,1
47354,17,817,0,1,1
22018,19,225,1,1,1
20545,17,819,1,0,0
30406,15,700,0,0,1
16746,0,582,1,0,0
46943,22,805,1,1,1
31165,10,287,0,0,0
25299,14,994,0,1,1
42076,11,169,0,1,1
16471,7,62,1,1,1
11935,21,349,1,1,1
46036,19,442,1,0,0
2149,5,14,0,1,1
31716,2,164,0,0,0
38291,23,420,1,1,1
47457,12,757,0,0,1
21032,12,847,0,0,0
29955,1,520,1,0,0
7258,4,666,0,1,1
43116,16,548,0,1,1
7500,5,560,0,1,1
42742,1,597,1,0,1
15251,3,28,1,1,1
1254,21,708,0,1,1
4599,10,446,1,1,1
6395,7,208,1,0,0
12283,11,470,1,1,1
29399,7,716,0,1,1
12974,10,976,1,0,0
32811,21,819,0,0,1
5639,19,104,0,0,0
42505,7,742,1,0,1
48454,7,426,0,0,0
2657,16,101,1,0,0
38460,19,541,1,1,1
16582,19,639,0,1,1
2300,22,850,0,0,0
47040,15,522,1,1,1
3061,13,106,1,0,0
47075,10,679,1,1,1
21457,6,978,1,0,0
12069,15,769,0,0,0
2969,12,807,0,1,1
46860,14,277,0,1,1
28743,23,65,1,1,1
24836,15,783,0,1,1
38567,20,900,0,1,1
23428,22,188,0,1,1
25976,23,317,0,1,1
21395,8,916,1,1,1
4087,2,138,0,0,0
22499,18,343,0,1,1
46314,19,105,0,1,1
34086,4,546,0,0,1
20980,9,380,1,0,0
4835,16,110,1,0,0
44164,14,944,0,0,1
4655,22,545,1,1,1
42014,7,354,1,1,1
40918,14,743,1,0,1
45625,20,317,1,0,0
19930,13,266,0,1,1
17529,19,694,1,1,1
6993,6,852,1,1,1
14473,20,65,0,1,1
47433,22,333,0,0,0
3536,11,513,0,1,1
8854,16,133,0,0,0
10777,16,592,1,0,0
5995,9,783,0,0,0
19838,18,753,1,1,1
30846,13,540,1,0,1
49477,10,735,0,1,1
48504,1,535,0,0,1
32452,17,496,1,1,1
39890,6,621,1,0,1
42019,11,619,0,0,1
5700,1,657,0,1,1
29224,19,369,0,1,1
27743,17,866,1,0,0
40864,5,909,1,0,1
9107,23,910,0,1,1
45814,9,651,1,0,1
37510,19,796,0,1,1
44180,14,810,1,1,1
40547,4,992,1,0,1
8308,19,99,0,1,1
18689,2,317,0,0,0
43584,4,123,0,1,1
17553,7,320,1,1,1
36312,7,799,1,0,1
43625,7,593,0,1,1
47302,11,495,1,0,0
32735,23,457,0,1,1
33928,22,522,1,1,1
18811,7,520,0,1,1
3520,10,917,1,1,1
31316,13,717,1,0,1
401,7,315,1,1,1
45336,23,946,1,1,1
49858,9,709,0,1,1
799,6,710,1,0,0
290,16,542,0,0,0
10592,3,479,0,0,0
35843,12,913,0,0,1
6202,3,971,0,1,1
19878,4,20,1,1,1
26741,21,560,0,1,1
34684,3,969,1,0,1
32845,17,130,1,0,0
23193,5,293,1,1,1
669,23,897,1,1,1
38310,23,132,0,1,1
34763,22,356,1,0,0
36731,21,54,0,1,1
45781,1,890,1,1,1
7555,22,793,1,0,0
4114,10,387,0,0,0
11193,13,265,1,1,1
18170,4,982,1,0,0
35877,5,215,1,1,1
16638,9,460,1,1,1
10829,7,458,1,1,1
34277,13,802,0,1,1
45117,23,43,1,0,0
884,2,586,1,0,0
27851,11,862,0,0,0
40964,15,278,1,1,1
40428,22,838,0,1,1
12633,16,754,1,1,1
40211,0,130,1,0,0
40074,22,350,0,0,0
5901,9,706,1,1,1
19290,22,544,1,0,0
49789,9,106,0,0,0
38854,20,912,0,0,1
29692,23,716,1,0,0
10747,1,1,0,1,1
8816,8,757,1,0,0
23455,21,584,0,1,1
22109,12,432,1,0,0
24476,15,306,0,1,1
45191,17,909,0,1,1
4880,18,527,0,0,0
2468,11,53,0,1,1
12139,7,940,0,1,1
6755,16,520,0,0,0
41041,14,330,0,1,1
4595,9,558,0,0,0
10993,14,325,0,1,1
25647,14,114,1,0,0
22486,22,147,0,0,0
13503,6,166,1,0,0
32197,12,379,0,0,0
13221,16,139,1,0,0
11066,8,629,1,1,1
33721,7,299,0,1,1
28412,19,276,0,0,0
49826,20,916,1,1,1
22777,17,789,1,1,1
31389,12,850,0,1,1
31124,15,825,0,0,1
42775,8,178,0,0,0
4877,11,842,1,1,1
29849,11,354,0,0,0
15438,5,154,0,0,0
2591,18,926,0,1,1
27336,6,201,0,0,0
48196,2,878,0,0,1
14699,15,115,1,0,0
19608,17,671,1,0,0
3151,15,554,0,0,0
48847,22,759,0,1,1
49256,6,68,1,0,0
21706,3,445,0,0,0
21799,7,445,1,1,1
976,12,326,0,1,1
32193,12,846,1,0,1
4242,16,708,1,1,1
15302,16,602,0,0,0
39834,4,623,1,1,1
7179,5,880,0,0,0
8087,18,359,1,1,1
39667,12,145,0,0,0
29040,13,275,0,1,1
37333,21,509,0,0,1
17119,3,179,1,0,0
46285,6,753,0,0,1
18177,7,838,0,1,1
26358,12,831,0,1,1
21236,5,477,1,0,0
8411,5,843,0,0,0
17314,23,976,1,0,0
14198,20,414,1,0,0
28351,2,153,1,1,1
38045,2,104,0,1,1
47130,12,75,0,1,1
26045,21,128,1,0,0
25416,1,711,0,0,0
32317,15,666,0,1,1
8408,21,568,1,1,1
6049,5,790,1,1,1
1250,7,345,0,1,1
24044,22,531,1,0,0
34799,7,159,0,0,0
9304,5,538,1,0,0
1181,13,426,0,1,1
29405,2,681,0,0,0
16996,9,996,1,1,1
46275,2,23,0,1,1
7905,11,47,0,1,1
5337,16,525,1,1,1
49811,4,729,0,1,1
20156,19,834,0,0,0
45643,8,706,0,0,1
49112,20,144,1,0,0
46052,19,585,1,1,1
3443,6,668,1,0,0
13600,21,589,1,1,1
29475,3,419,1,0,0
9762,12,681,0,1,1
17064,12,973,0,1,1
47993,9,799,0,0,1
8230,17,85,1,1,1
19631,16,416,0,0,0
1779,19,694,1,0,0
3606,19,482,0,0,0
13384,12,456,1,1,1
7353,16,827,0,1,1
19228,21,297,0,1,1
28032,3,112,1,1,1
9535,0,962,0,0,0
44178,0,230,0,1,1
13396,14,96,1,0,0
30545,12,950,0,0,1
13345,16,680,0,1,1
29224,23,378,1,1,1
29999,7,156,1,0,0
44019,17,421,1,1,1
43325,12,105,1,0,0
35347,22,705,1,1,1
29322,13,330,0,1,1
26311,7,439,1,0,0
37320,7,132,1,0,0
26746,14,867,0,0,0
38749,12,382,0,1,1
23149,6,138,0,1,1
14169,4,943,0,1,1
32680,16,843,0,0,1
31943,15,270,1,0,0
2949,22,550,0,1,1
40258,1,396,1,0,0
23389,21,557,0,1,1
44790,17,913,1,0,1
35357,16,464,0,1,1
9923,6,675,1,1,1
42075,12,450,1,1,1
9640,17,331,1,0,0
16464,13,253,1,0,0
4711,17,681,1,1,1
27763,12,963,1,1,1
38746,10,285,1,1,1
31077,20,274,1,1,1
29268,20,20,1,1,1
49215,15,239,1,1,1
25571,22,270,0,0,0
22787,16,418,1,0,0
951,7,945,1,0,0
18171,18,310,0,0,0
6933,19,31,1,1,1
12038,14,826,1,1,1
35295,8,104,0,1,1
26244,19,682,0,0,0
4100,9,186,1,0,0
5152,11,128,0,1,1
35606,20,210,1,0,0
28174,22,414,1,0,0
38255,19,281,1,1,1
40870,0,959,0,1,1
32420,19,253,1,1,1
38404,8,19,1,0,0
46347,21,712,0,1,1
4013,14,732,1,1,1
17550,0,136,1,1,1
24207,11,223,1,0,0
20864,2,3,1,0,0
43504,10,963,1,1,1
20591,1,236,1,1,1
38594,15,854,0,0,1
3473,8,465,1,0,0
12261,14,228,1,1,1
32096,11,913,0,0,1
27222,0,654,1,1,1
34950,12,499,1,1,1
27450,13,521,0,0,0
27572,7,702,0,1,1
28861,7,862,0,1,1
25451,11,917,0,0,0
23232,0,972,0,1,1
49149,10,677,0,0,1
15405,7,992,0,1,1
9917,9,139,1,1,1
11361,18,276,1,0,0
517,10,291,1,0,0
41676,6,53,0,0,0
20458,10,687,1,0,0
3367,16,110,0,0,0
17309,0,715,1,0,0
24152,20,948,1,1,1
38613,20,648,1,0,1
26192,7,4,1,1,1
11438,22,667,0,0,0
512,23,684,0,1,1
7643,5,936,1,1,1
40455,21,870,0,0,1
33596,17,47,0,1,1
23648,5,94,1,1,1
27484,4,940,0,1,1
44525,12,560,0,0,1
38856,18,752,0,0,1
18988,21,859,0,1,1
35835,7,213,1,0,0
47395,8,436,1,0,0
48916,16,852,0,1,1
17606,2,508,1,1,1
20563,18,836,1,0,0
18055,10,651,1,0,0
37941,23,205,0,0,0
5204,16,381,0,1,1
35011,20,73,1,0,0
23290,18,516,1,0,0
7457,1,76,0,0,0
32579,7,841,1,1,1
44911,18,77,0,1,1
36308,6,816,1,1,1
20250,16,768,0,0,0
5744,5,410,0,0,0
43386,18,614,0,1,1
47420,23,106,0,0,0
3014,5,845,1,0,0
21452,1,551,0,0,0
46452,5,476,1,1,1
45012,22,826,0,0,1
14497,4,275,0,0,0
41655,18,88,1,1,1
47059,19,723,1,0,1
828,3,881,1,1,1
798,21,77,0,0,0
40054,16,77,0,1,1
47380,10,442,1,1,1
14023,3,540,0,0,0
16879,12,245,1,0,0
7500,19,578,0,1,1
24566,16,778,0,0,0
37039,8,382,0,1,1
4460,3,982,1,0,0
35370,22,717,0,0,1
17201,13,570,1,0,0
32407,18,713,1,0,1
5586,2,737,0,1,1
8435,13,142,1,1,1
21464,7,893,1,0,0
37359,23,368,0,0,0
23676,0,84,1,0,0
31767,9,143,1,0,0
11230,17,352,0,0,0
22072,15,545,0,1,1
40519,7,913,0,1,1
1267,0,152,1,0,0
27292,11,158,1,1,1
1162,7,446,0,1,1
18640,23,653,1,0,0
24344,15,958,0,1,1
21645,17,763,0,1,1
21789,3,303,0,1,1
11274,5,624,1,1,1
23025,11,656,1,0,0
37597,8,450,0,1,1
9448,14,721,0,1,1
23814,15,224,1,1,1
38202,23,43,0,0,0
9024,11,264,1,1,1
37198,23,756,0,1,1
24494,22,3,0,1,1
6901,13,637,1,0,0
37714,12,268,1,0,0
6831,1,596,1,0,0
48236,2,16,1,0,0
23725,23,334,1,0,0
17437,21,464,0,1,1
35407,9,59,0,0,0
7156,8,177,1,1,1
11616,19,63,1,0,0
44361,7,958,0,0,1
1642,9,561,0,0,0
21777,18,307,1,1,1
46832,2,246,1,1,1
39181,23,289,0,1,1
27669,4,798,1,0,0
23422,2,955,0,0,0
19165,15,332,0,0,0
18024,16,527,1,0,0
22656,14,850,0,0,0
27062,2,255,0,0,0
28395,11,604,0,1,1
13907,8,510,1,1,1
42448,20,791,0,0,1
26532,11,718,1,1,1
17849,14,606,0,1,1
41559,1,737,0,1,1
26356,22,813,0,0,0
40362,17,830,0,0,1
37180,19,463,0,0,0
1424,11,199,1,0,0
25831,22,271,1,1,1
36009,3,746,0,0,1
23903,22,558,1,0,0
19970,15,64,1,0,0
34678,22,230,0,1,1
6688,15,942,1,1,1
38169,0,952,1,1,1
26890,21,249,1,1,1
25389,1,246,1,1,1
28278,2,940,0,0,0
28810,20,587,1,1,1
15585,19,157,0,1,1
44582,16,735,0,0,1
20752,19,702,1,0,0
4848,21,985,0,0,0
21333,20,564,1,1,1
9535,0,950,0,0,0
3809,19,88,1,1,1
30455,5,313,1,0,0
13216,14,851,0,1,1
25570,13,66,1,1,1
42444,19,662,1,1,1
43018,14,20,1,1,1
39398,13,33,1,0,0
43056,20,840,0,0,1
14783,23,793,0,1,1
604,4,558,0,0,0
34082,5,73,1,1,1
34399,16,866,0,0,1
28116,10,825,1,0,0
24060,15,343,1,1,1
33691,11,133,1,1,1
17412,14,55,0,0,0
37897,22,61,0,1,1
46296,3,857,0,0,1
49385,17,520,0,0,1
2205,20,272,1,0,0
36495,2,246,0,1,1
45840,21,176,0,1,1
22800,7,628,0,0,0
34720,22,317,0,1,1
37778,2,783,1,1,1
20659,7,705,0,0,0
27609,17,662,0,1,1
27960,9,131,0,1,1
11103,19,102,1,0,0
21832,16,310,0,1,1
25926,7,782,0,0,0
30454,22,292,0,1,1
13943,10,722,1,1,1
44572,4,495,1,0,0
48629,12,361,0,0,0
6290,20,338,0,1,1
17740,22,579,1,0,0
38513,4,10,1,0,0
42456,23,49,1,1,1
44697,12,487,1,0,0
40921,5,623,1,1,1
3430,4,321,0,1,1
19187,8,731,0,0,0
41530,15,569,0,1,1
24604,1,795,0,0,0
7214,0,971,1,1,1
13423,7,625,1,0,0
34221,18,133,1,0,0
11075,10,583,1,1,1
11123,11,83,1,0,0
21547,11,57,0,0,0
25033,6,376,0,0,0
24059,12,349,0,1,1
767,7,271,0,1,1
29803,21,483,0,0,0
9437,8,111,1,0,0
46527,6,869,1,1,1
36587,20,887,1,1,1
19229,23,76,1,1,1
40351,14,158,1,0,0
32021,1,532,0,1,1
33407,22,933,0,0,1
27455,19,643,0,1,1
37832,11,329,1,0,0
4935,0,122,1,1,1
20259,22,41,1,0,0
38910,21,167,1,1,1
47705,7,922,0,1,1
40180,4,642,1,0,1
38188,14,23,0,1,1
13316,0,279,1,1,1
35647,0,763,0,1,1
31571,9,469,1,1,1
17408,21,400,1,0,0
27632,9,9,0,0,0
34449,20,13,0,1,1
45545,14,924,1,0,1
5813,16,923,0,0,0
49507,21,819,1,0,1
4904,5,832,1,0,0
10236,2,52,0,0,0
109,12,209,1,1,1
19355,15,550,1,0,0
23893,7,612,0,1,1
29648,14,705,1,0,0
37992,16,402,1,1,1
1115,16,191,1,1,1
27812,21,51,1,1,1
35061,12,393,0,0,0
8515,16,653,0,0,0
46418,5,680,0,1,1
47380,16,823,1,1,1
23933,15,621,0,0,0
4258,13,719,0,0,0
20409,12,939,0,1,1
7070,5,300,1,0,0
7038,2,622,0,0,0
21268,13,196,0,0,0
46640,13,417,1,0,0
20484,14,664,1,0,0
18117,7,420,1,0,0
10444,14,755,1,1,1
40134,21,640,1,1,1
8802,12,617,1,1,1
484,16,522,0,1,1
504,20,356,0,1,1
41043,23,148,1,1,1
48026,2,365,1,0,0
29289,5,364,0,0,0
12863,4,971,1,1,1
18484,21,652,1,1,1
32706,16,702,0,1,1
9960,22,402,1,0,0
38857,1,606,1,0,1
15206,14,492,0,0,0
23674,4,229,0,0,0
23624,19,575,0,1,1
3736,5,852,0,1,1
11016,5,537,0,1,1
4909,17,268,1,1,1
32301,17,405,1,0,0
13556,3,793,1,0,0
48312,16,11,1,1,1
38865,13,320,1,0,0
34916,13,713,0,0,1
45206,12,126,1,0,0
17200,6,306,1,0,0
22049,11,702,1,1,1
4644,22,511,1,0,0
37844,14,89,1,1,1
45643,18,355,0,0,0
42883,10,628,1,0,1
26757,14,352,1,1,1
36287,11,689,1,1,1
47298,2,14,1,0,0
7339,16,257,1,0,0
14589,2,209,1,1,1
49501,18,281,0,0,0
43225,19,443,1,0,0
28638,3,840,0,1,1
32149,2,837,0,0,1
37231,15,389,1,0,0
43044,11,617,1,0,1
8527,7,483,1,0,0
41448,23,147,0,0,0
24385,16,279,1,1,1
37726,6,521,1,0,1
42908,10,630,1,1,1
23028,17,606,0,1,1
19298,0,434,0,0,0
19858,2,144,1,1,1
15354,3,289,0,0,0
44338,12,386,1,1,1
1352,5,14,0,1,1
39864,13,257,1,1,1
12273,4,346,0,0,0
37541,15,698,1,1,1
26798,14,345,1,1,1
15881,14,400,0,1,1
13151,3,207,0,0,0
39749,7,858,0,0,1
7049,15,943,0,1,1
42389,15,172,0,1,1
8117,3,464,1,1,1
7041,12,270,1,1,1
26034,12,221,0,0,0
23486,1,152,1,0,0
10309,2,623,1,0,0
17815,21,183,0,1,1
29020,7,399,1,0,0
31803,23,851,1,1,1
42418,14,72,0,1,1
4737,10,418,0,1,1
4954,8,898,1,0,0
43188,6,283,0,1,1
37760,12,74,1,0,0
39911,1,355,0,1,1
49389,7,727,0,0,1
19956,6,497,0,1,1
21933,23,328,0,0,0
20063,11,988,1,1,1
37032,18,535,0,0,1
27269,6,580,0,1,1
8041,9,910,1,1,1
14488,15,447,1,1,1
5669,2,373,1,0,0
4400,9,362,1,1,1
39137,5,93,0,1,1
36686,17,321,1,1,1
12115,17,324,0,0,0
45102,4,384,1,1,1
6354,20,575,0,1,1
17244,6,736,1,0,0
24314,1,737,0,1,1
40218,10,881,0,0,1
15283,12,346,1,1,1
6338,22,849,0,0,0
6190,4,103,0,0,0
11737,5,215,0,0,0
22515,23,192,0,1,1
24171,13,672,1,1,1
45515,11,884,0,0,1
42779,3,719,0,1,1
41340,22,781,1,1,1
18371,5,194,1,0,0
36134,9,380,1,0,0
33534,17,403,0,0,0
4288,14,664,0,0,0
49923,7,749,1,1,1
10261,8,600,0,1,1
28832,4,11,1,1,1
11414,9,187,0,1,1
24054,19,726,1,1,1
21608,5,15,0,1,1
22069,15,778,1,0,0
45759,23,297,0,1,1
37645,2,411,1,1,1
36768,9,956,0,1,1
23161,10,585,0,0,0
13816,10,52,0,0,0
39849,16,640,1,1,1
39244,3,28,0,0,0
17007,3,577,0,0,0
18877,16,17,0,1,1
27793,8,351,1,1,1
43028,18,428,0,1,1
26429,4,650,1,0,0
46992,21,831,0,0,1
16382,23,229,1,1,1
23724,5,766,1,0,0
23421,2,989,0,0,0
10588,21,210,1,0,0
22674,0,431,1,1,1
5340,19,294,0,1,1
43321,21,743,1,1,1
10578,15,753,1,1,1
45262,22,582,1,1,1
19362,10,104,1,0,0
4532,12,204,0,0,0
29821,9,53,1,0,0
13668,2,974,1,0,0
14278,8,940,0,0,0
22295,11,375,0,0,0
402,22,842,1,1,1
17122,13,54,0,1,1
155,0,276,0,0,0
45881,17,335,0,1,1
8817,16,31,0,0,0
28799,8,135,0,0,0
8250,8,58,0,1,1
2225,22,105,0,1,1
44347,9,266,0,0,0
48613,18,522,0,1,1
16848,14,496,1,0,0
39677,4,253,1,0,0
4721,14,295,1,0,0
15134,19,668,1,0,0
46491,22,158,1,0,0
5226,1,549,0,1,1
5222,12,631,0,0,0
18130,23,67,1,1,1
17402,15,754,1,0,0
19281,14,299,0,1,1
38738,9,463,1,0,0
1631,13,725,0,1,1
41040,9,820,1,0,1
40541,13,101,0,0,0
23433,22,56,1,1,1
39750,8,332,0,1,1
34774,13,836,1,1,1
35954,2,751,1,1,1
46371,19,393,0,1,1
8252,15,743,0,1,1
38618,1,874,1,0,1
45640,9,381,1,0,0
10367,2,92,0,0,0
25389,10,791,0,1,1
1162,10,447,0,1,1
30026,20,109,1,1,1
6329,20,317,1,0,0
49377,21,168,0,1,1
48015,12,812,1,0,1
4732,6,982,1,1,1
39156,22,920,0,1,1
3696,16,435,1,1,1
44343,1,442,0,0,0
6268,11,218,0,1,1
42663,9,222,1,0,0
7661,17,673,1,1,1
8358,21,528,0,1,1
16716,10,278,0,1,1
26834,15,569,0,1,1
6471,16,574,1,0,0
26169,18,875,0,1,1
14469,17,466,0,0,0
13010,2,839,0,1,1
8043,20,754,0,1,1
12299,15,602,1,1,1
15828,5,584,1,0,0
23375,11,838,0,1,1
6838,10,30,1,0,0
16013,14,359,1,0,0
35340,14,919,1,1,1
19223,15,288,0,0,0
48547,9,86,1,1,1
34629,11,234,1,0,0
10267,12,747,0,0,0
10654,3,313,0,0,0
17360,6,365,1,0,0
47145,21,777,1,1,1
3912,1,799,0,0,0
28124,14,839,0,1,1
27385,7,905,0,0,0
27000,6,269,0,1,1
1705,14,698,1,1,1
5722,22,131,0,0,0
6867,13,803,1,0,0
27239,7,993,1,1,1
11713,11,789,1,0,0
10689,12,832,0,0,0
14018,10,351,0,0,0
20219,16,180,1,0,0
27546,16,802,1,0,0
13146,23,480,1,0,0
24918,3,889,1,0,0
35458,20,163,1,0,0
4424,7,783,0,0,0
10887,4,888,0,1,1
9211,15,96,0,0,0
38210,3,774,1,0,1
16489,21,510,1,0,0
41527,14,365,0,0,0
14143,11,981,0,0,0
28846,4,353,1,1,1
22450,22,800,0,1,1
41705,15,436,0,0,0
217,13,83,0,1,1
46785,9,225,1,0,0
19035,6,412,1,0,0
47177,12,735,0,1,1
13334,19,981,1,1,1
38428,4,118,0,1,1
946,2,482,0,1,1
11054,14,192,1,1,1
13803,3,591,1,0,0
48253,14,590,1,0,1
46614,13,659,0,0,1
22800,19,107,0,1,1
32143,18,382,0,0,0
6569,12,783,1,1,1
30205,9,390,0,0,0
42201,20,244,0,1,1
26486,4,585,0,1,1
49476,22,869,0,0,1
45687,19,468,1,0,0
37076,19,866,1,0,1
39151,5,934,1,0,1
2148,3,538,0,1,1
39101,1,210,0,0,0
13041,21,604,0,1,1
45475,15,637,1,0,1
42633,17,947,1,0,1
1928,4,73,1,0,0
2017,21,992,1,0,0
20718,3,635,1,0,0
32354,12,309,0,1,1
39856,18,696,1,0,1
47462,22,699,1,1,1
20228,1,710,1,0,0
45845,12,590,0,1,1
109,10,860,1,0,0
16744,21,186,1,0,0
22522,3,856,1,0,0
9965,21,253,0,1,1
2319,19,13,0,1,1
39909,19,299,1,0,0
5387,14,76,1,0,0
34487,3,51,1,0,0
8612,8,787,1,1,1
1442,6,149,0,0,0
43436,18,731,1,1,1
19316,18,122,0,0,0
27634,5,211,1,1,1
14331,5,280,0,1,1
32393,19,538,0,1,1
26714,14,685,1,0,0
36358,14,156,0,1,1
28353,19,238,1,0,0
42178,8,376,0,1,1
40852,3,82,0,0,0
18088,17,492,1,1,1
31137,17,356,1,1,1
12319,4,925,0,0,0
335,19,273,0,0,0
43029,22,580,1,1,1
2008,10,44,1,1,1
8667,4,573,1,0,0
36398,21,123,0,1,1
5356,3,349,1,1,1
19119,11,708,1,0,0
8262,1,330,0,0,0
5515,12,409,1,0,0
36259,9,991,1,1,1
44025,8,323,1,1,1
6051,9,111,1,1,1
21952,6,770,0,0,0
8107,3,89,1,1,1
41932,18,433,1,0,0
30623,9,710,1,0,1
23425,2,794,1,1,1
21304,20,712,1,0,0
15624,18,99,1,1,1
19382,20,539,0,0,0
24030,1,601,0,0,0
177,19,146,0,0,0
40445,9,694,1,1,1
20711,1,257,1,0,0
17084,1,189,1,1,1
14160,23,240,0,0,0
17549,16,871,1,0,0
18620,15,899,0,0,0
43403,15,503,1,1,1
9610,13,708,1,1,1
29387,6,809,0,1,1
28273,20,677,0,1,1
39811,10,819,0,1,1
12054,23,271,0,0,0
7904,0,520,0,0,0
6665,10,550,0,1,1
6084,22,114,1,1,1
21626,20,339,0,1,1
37538,3,568,1,1,1
18674,6,943,1,0,0
9284,14,986,1,1,1
19196,17,359,1,1,1
2292,11,650,1,1,1
34116,16,614,0,1,1
11346,0,334,0,0,0
45658,10,689,0,0,1
18481,0,169,1,1,1
36555,14,339,0,0,0
26827,20,798,1,0,0
4118,9,261,1,1,1
11402,6,887,1,1,1
2070,1,735,1,0,0
41257,9,199,0,0,0
27302,23,211,0,0,0
31210,3,287,0,0,0
17686,11,692,0,0,0
24619,18,762,0,1,1
31373,10,743,1,0,1
22051,7,472,0,0,0
15474,17,482,1,0,0
5888,10,23,1,0,0
5508,10,560,1,0,0
25153,12,109,0,0,0
9546,2,296,1,0,0
1022,11,6,1,0,0
33287,2,550,0,1,1
10889,9,681,1,1,1
32284,16,868,1,0,1
1220,21,795,1,1,1
44128,1,203,0,1,1
32254,16,325,1,1,1
17434,15,825,1,1,1
2436,1,785,0,1,1
38241,21,244,0,1,1
2343,19,327,1,0,0
19129,5,987,0,0,0
32365,9,47,0,1,1
37480,9,761,0,0,1
46814,7,591,0,1,1
43972,0,622,0,0,1
46297,12,13,0,0,0
23810,23,907,0,0,0
29586,8,380,1,1,1
6471,21,365,0,0,0
6459,9,602,0,0,0
40731,14,342,0,1,1
36096,4,860,1,1,1
20203,21,792,0,0,0
14482,15,221,0,1,1
18855,12,73,1,0,0
35759,21,746,0,0,1
3856,19,772,1,1,1
20709,17,625,1,1,1
48638,10,46,0,0,0
16578,8,504,1,1,1
35542,15,274,0,0,0
39766,1,555,0,1,1
10247,1,208,1,1,1
33661,11,929,1,1,1
34984,7,861,0,1,1
5879,8,615,0,1,1
12398,11,124,1,0,0
14253,8,10,0,0,0
43979,9,329,0,0,0
10889,1,187,0,1,1
44265,15,543,1,0,1
13099,19,668,0,0,0
914,6,60,0,1,1
49597,1,761,0,1,1
10641,0,899,1,1,1
25038,18,886,1,0,0
2543,3,951,1,0,0
10557,23,782,0,1,1
10480,21,442,1,0,0
7883,1,217,0,0,0
44341,13,911,1,1,1
17468,1,2,0,0,0
15428,14,536,1,1,1
26315,11,718,0,0,0
33695,4,832,0,1,1
27406,19,711,1,0,0
20015,6,356,0,0,0
40015,23,626,1,1,1
37319,20,792,1,1,1
15443,9,667,0,1,1
46503,13,165,0,1,1
38827,13,998,1,0,1
226,4,734,1,1,1
27732,17,91,1,1,1
41663,23,167,0,1,1
44509,13,959,1,1,1
20630,1,207,0,1,1
40064,11,282,0,0,0
44427,21,65,1,1,1
3468,23,888,1,1,1
3897,5,516,0,1,1
47982,3,157,0,0,0
13818,12,761,0,0,0
34660,3,769,0,0,1
11153,21,747,1,1,1
22216,13,306,0,1,1
36344,15,878,1,0,1
36285,3,982,1,0,1
1745,23,395,1,1,1
47623,0,74,0,1,1
19356,12,187,0,1,1
35940,3,574,1,0,1
34722,19,337,1,1,1
37530,17,676,1,1,1
39382,5,568,1,0,1
2808,2,623,0,0,0
11794,22,730,1,0,0
9624,12,240,0,1,1
31980,15,533,0,0,1
39324,4,141,0,0,0
37080,3,265,0,1,1
32509,20,139,1,1,1
13324,7,459,0,0,0
40838,18,70,1,1,1
25250,13,385,0,0,0
49788,6,630,1,1,1
34493,13,198,1,1,1
43182,5,205,1,0,0
8073,11,726,1,0,0
8677,15,568,1,0,0
8170,16,799,0,1,1
8766,12,982,1,0,0
36468,22,805,0,1,1
6883,13,687,1,1,1
46094,6,859,0,0,1
42014,13,882,0,1,1
5071,14,974,0,1,1
13590,11,640,1,0,0
45819,16,431,0,1,1
45180,8,890,1,1,1
2090,21,325,1,0,0
5399,14,442,0,0,0
45865,11,804,0,1,1
20056,1,288,1,1,1
22459,4,226,1,1,1
46340,12,64,1,1,1
37248,19,967,1,0,1
28834,22,938,1,1,1
4857,7,560,1,1,1
19197,13,714,0,1,1
10495,14,498,1,1,1
16341,10,849,1,0,0
38456,0,926,0,1,1
27796,20,917,0,0,0
5044,2,60,0,0,0
46263,16,397,1,0,0
19916,18,257,0,0,0
49940,13,577,0,0,1
37111,21,239,1,1,1
25017,22,801,1,0,0
31295,7,38,1,0,0
21666,12,25,1,0,0
10016,19,410,0,1,1
20906,2,461,1,0,0
10084,4,571,0,1,1
1859,8,988,1,0,0
42049,5,417,0,0,0
26938,21,357,1,1,1
2582,1,383,1,1,1
24542,12,809,1,1,1
33819,4,158,0,0,0
28065,7,569,0,1,1
2179,22,433,0,1,1
2817,0,48,1,1,1
28052,19,328,0,1,1
21008,11,433,1,1,1
42560,22,431,1,0,0
24961,10,56,1,1,1
7411,6,577,0,0,0
28171,14,268,1,1,1
23670,21,69,0,1,1
18549,23,728,1,0,0
33636,10,902,1,0,1
38358,21,601,1,0,1
48402,15,449,0,0,0
28965,2,793,0,1,1
6745,19,257,1,0,0
38100,13,672,0,1,1
26837,2,490,0,1,1
11585,0,746,1,1,1
38665,20,643,1,0,1
25622,14,49,0,0,0
12442,0,659,1,0,0
40906,16,316,1,1,1
48870,1,413,0,0,0
13187,19,434,0,0,0
37741,5,2,1,1,1
34349,7,841,0,0,1
10193,15,952,0,1,1
47290,18,145,1,0,0
16538,0,956,1,0,0
40511,2,366,1,0,0
26499,2,420,1,0,0
19946,4,573,0,0,0
15808,11,785,0,1,1
44139,11,561,1,0,1
45468,19,844,1,0,1
11098,12,444,1,0,0
47163,19,916,1,0,1
30778,8,434,0,0,0
10782,6,643,0,0,0
49248,3,555,1,0,1
8619,18,57,1,1,1
31580,21,562,0,1,1
19794,18,964,0,0,0
3400,5,977,0,1,1
6822,12,178,0,0,0
40086,10,293,1,1,1
24260,12,46,0,0,0
20159,12,170,0,0,0
35922,21,271,0,1,1
13675,19,417,1,0,0
8070,14,848,1,1,1
35011,20,139,0,0,0
21691,12,247,0,0,0
31921,21,148,1,0,0
9603,10,230,1,0,0
48017,18,792,0,1,1
19022,7,637,1,0,0
12275,19,704,0,1,1
41224,7,374,1,1,1
21489,9,80,0,0,0
47938,15,606,0,0,1
922,18,738,1,1,1
17427,22,65,0,1,1
47157,10,88,1,0,0
6250,12,88,1,1,1
4525,8,713,1,1,1
16132,19,726,0,1,1
2298,23,204,0,0,0
20179,18,913,0,1,1
36320,15,382,1,1,1
41974,6,601,0,1,1
13959,18,476,0,1,1
31519,11,573,0,0,1
8805,14,783,0,0,0
42980,22,606,1,1,1
23336,13,819,0,1,1
22519,10,539,1,1,1
20078,9,214,1,0,0
37709,10,74,1,0,0
15458,5,61,1,1,1
34277,1,698,0,1,1
29478,10,543,0,0,0
37434,18,219,0,1,1
11482,5,12,1,1,1
14696,13,814,0,0,0
33672,19,415,1,0,0
13321,5,32,0,0,0
1379,16,160,0,0,0
46060,9,237,0,0,0
7183,0,739,1,1,1
43961,2,181,0,0,0
17871,7,829,1,0,0
30075,7,558,1,0,1
45748,19,341,1,0,0
48385,21,458,0,0,0
19163,14,80,0,0,0
2206,23,647,1,1,1
24657,6,772,1,0,0
48954,10,987,1,1,1
20707,6,820,1,1,1
37699,3,759,1,0,1
28629,11,473,0,0,0
36054,5,671,0,1,1
27956,13,715,0,1,1
2673,11,112,1,1,1
12908,10,980,1,0,0
35467,18,292,0,1,1
36901,20,950,0,0,1
41296,4,822,1,0,1
34172,13,631,1,1,1
23852,20,383,1,0,0
17785,23,17,0,0,0
41501,15,493,1,1,1
11472,12,331,1,1,1
9096,21,926,1,0,0
16558,21,739,0,1,1
31989,19,873,1,0,1
26765,21,486,0,1,1
38343,3,406,1,1,1
31753,10,117,1,1,1
26757,16,555,0,1,1
40052,6,880,1,0,1
22280,13,115,0,1,1
31996,10,795,1,0,1
12975,21,549,0,0,0
1722,8,814,1,1,1
48856,22,625,0,1,1
40909,12,547,0,1,1
16825,22,644,1,1,1
40860,17,336,0,1,1
15746,10,336,1,0,0
17129,14,981,0,1,1
29502,21,922,1,0,0
4363,18,889,1,0,0
31087,0,740,1,0,1
46928,3,147,1,0,0
48024,13,122,0,1,1
8746,13,81,1,1,1
27629,2,685,1,0,0
11764,16,666,1,0,0
35837,2,662,1,1,1
35896,15,375,1,0,0
24127,13,570,0,1,1
29473,19,63,1,0,0
36497,12,504,0,1,1
20709,14,668,0,0,0
35935,13,449,1,0,0
38809,23,428,1,0,0
19350,18,868,0,1,1
21272,5,427,0,1,1
11655,9,421,0,1,1
21974,14,322,1,0,0
13181,20,913,0,0,0
24163,21,680,0,0,0
6919,19,166,1,0,0
25812,5,597,0,0,0
24862,22,957,1,0,0
11146,9,649,0,1,1
31563,6,461,1,1,1
28869,21,459,0,1,1
23250,16,189,1,0,0
2811,17,464,1,1,1
4953,16,912,0,0,0
29177,8,379,1,0,0
23963,9,2,0,1,1
21892,9,618,1,0,0
40583,6,364,1,0,0
9042,15,72,1,0,0
48375,17,427,1,0,0
48694,5,638,1,0,1
1862,19,170,1,1,1
32087,0,205,1,1,1
15950,0,825,0,0,0
12212,11,337,0,0,0
24158,20,999,1,1,1
45520,1,472,1,1,1
38990,3,195,1,1,1
581,16,670,0,0,0
47404,3,653,1,1,1
33021,10,275,0,1,1
40485,21,7,1,0,0
1624,3,905,1,0,0
34988,0,979,1,1,1
15148,6,566,1,0,0
35211,17,616,1,1,1
38004,8,854,0,1,1
34108,2,850,1,0,1
160,7,573,0,0,0
9230,23,599,0,1,1
18123,18,770,1,0,0
45180,3,178,1,0,0
13450,17,242,1,0,0
24454,19,203,0,0,0
45286,10,543,0,0,1
28245,13,801,0,0,0
34120,17,462,1,0,0
20687,15,80,0,1,1
41231,2,523,0,0,1
9750,14,417,0,1,1
20033,3,766,1,0,0
20681,4,384,0,1,1
23493,16,391,0,0,0
23151,6,896,1,1,1
26312,15,799,1,0,0
49182,13,688,1,1,1
4190,15,126,0,0,0
7060,6,494,0,0,0
35872,8,47,0,1,1
21620,3,718,1,1,1
49581,21,476,0,0,0
36508,10,949,1,1,1
28570,1,619,1,1,1
20591,11,464,0,0,0
1441,11,787,0,1,1
44723,3,849,0,0,1
24891,17,123,1,1,1
438,20,474,1,0,0
5995,6,134,0,1,1
12354,0,619,1,0,0
11444,22,817,0,0,0
1850,12,841,0,1,1
2521,5,562,0,1,1
39987,5,849,1,0,1
5419,11,607,1,0,0
15996,7,780,0,1,1
12018,23,23,0,1,1
25164,21,566,1,1,1
46717,18,886,0,1,1
28035,4,766,1,1,1
37741,17,965,0,1,1
29811,4,235,1,0,0
4906,9,996,0,1,1
41460,0,59,1,1,1
12282,9,164,0,1,1
22397,4,771,1,1,1
19641,11,826,1,0,0
29021,21,216,1,0,0
16874,6,183,1,0,0
44913,8,569,0,0,1
37298,21,657,1,1,1
8920,20,935,1,0,0
24170,11,90,0,1,1
4332,22,964,1,1,1
11222,0,311,0,0,0
15123,10,557,1,0,0
8107,20,972,1,1,1
18005,14,257,1,0,0
41886,1,533,1,0,1
29498,19,979,1,1,1
34368,6,533,1,1,1
6837,20,52,0,1,1
36162,11,338,0,1,1
25610,21,171,1,1,1
19526,17,948,1,0,0
37365,2,67,0,1,1
17950,6,625,0,1,1
714,10,300,1,1,1
21876,17,672,1,0,0
24177,11,778,1,1,1
9474,5,832,1,1,1
35535,4,232,1,0,0
31007,0,975,1,1,1
13509,11,837,0,1,1
16614,10,68,1,1,1
29966,3,506,1,0,0
3083,17,28,0,0,0
31805,3,949,0,1,1
20762,16,628,0,1,1
23610,1,51,0,1,1
12751,23,693,1,0,0
41098,21,260,0,0,0
28635,1,591,0,0,0
6740,11,785,1,0,0
44647,5,620,0,0,1
15417,9,963,0,0,0
7664,22,586,1,1,1
27445,20,687,1,0,0
48388,22,184,1,1,1
28787,15,23,1,0,0
13837,13,786,1,1,1
9423,6,129,1,0,0
15329,18,291,1,1,1
44581,22,832,0,1,1
8602,16,501,0,1,1
645,8,186,1,0,0
37214,12,479,0,0,0
29530,21,571,1,0,0
10096,4,492,0,1,1
27888,22,513,1,1,1
30069,4,643,0,1,1
48643,9,67,1,0,0
14019,20,805,0,0,0
3910,9,467,1,1,1
30686,6,285,0,0,0
40074,14,601,0,0,1
41873,6,417,1,0,0
16471,14,100,0,0,0
45184,2,189,0,1,1
29729,18,989,0,0,0
8536,9,890,0,0,0
13084,14,858,0,1,1
33139,2,388,1,1,1
19995,5,241,1,0,0
18255,11,782,0,0,0
10716,14,731,1,0,0
37229,5,417,0,0,0
39937,12,918,1,1,1
24674,18,176,0,1,1
3530,2,387,0,1,1
12776,7,471,0,0,0
10916,7,853,0,0,0
32833,22,233,1,1,1
20244,19,663,1,0,0
2150,14,452,1,1,1
44560,3,277,0,1,1
34033,18,229,1,1,1
25051,20,171,1,1,1
32513,2,735,0,1,1
34901,12,213,0,1,1
33013,7,282,0,1,1
47137,22,41,1,0,0
40700,15,122,1,1,1
25380,12,227,0,1,1
24657,2,294,1,0,0
47154,15,600,0,1,1
35500,8,267,1,0,0
4594,13,541,0,1,1
15252,12,759,1,0,0
23995,20,828,1,0,0
9255,6,451,1,0,0
31983,14,449,0,1,1
43294,6,756,0,0,1
43101,5,61,0,1,1
1928,1,502,1,1,1
45128,8,147,0,1,1
41998,21,686,1,1,1
32223,23,945,0,1,1
37673,16,790,0,1,1
906,4,334,1,1,1
41070,11,881,1,0,1
29857,0,953,0,1,1
34736,9,891,0,1,1
14661,10,142,1,0,0
48380,15,44,1,1,1
24362,13,144,0,0,0
14999,7,865,1,0,0
49088,23,333,0,1,1
16034,16,998,0,1,1
38297,17,497,0,0,0
41944,11,396,1,1,1
36432,16,55,0,0,0
34257,13,307,0,0,0
11693,15,870,1,1,1
40142,13,423,1,0,0
17420,8,417,1,1,1
27476,3,673,0,1,1
43613,22,797,1,0,1
14299,10,325,1,0,0
15976,5,710,0,1,1
8345,14,671,0,1,1
7314,4,80,0,1,1
826,10,31,0,0,0
46700,17,985,1,1,1
11462,12,112,0,0,0
18397,10,558,1,0,0
30548,13,865,0,0,1
26272,17,717,0,1,1
42974,18,564,1,0,1
7757,23,650,1,1,1
18950,14,472,1,0,0
25525,8,74,0,1,1
26785,7,553,0,1,1
47419,19,479,1,0,0
24678,0,589,1,1,1
28931,3,387,0,0,0
8006,13,699,1,0,0
7387,1,882,1,0,0
33760,15,564,0,0,1
10322,2,930,1,0,0
37543,7,433,0,0,0
34801,5,412,0,0,0
17864,15,467,0,1,1
44741,23,599,1,0,1
17774,15,621,1,0,0
18124,6,992,1,1,1
46107,12,909,1,1,1
23974,12,737,0,0,0
43742,4,994,0,0,1
32384,19,993,1,0,1
17702,21,248,1,1,1
37884,17,581,1,0,1
23365,14,120,1,1,1
26031,17,67,0,0,0
28941,1,573,1,0,0
29292,9,956,0,1,1
46642,22,327,1,0,0
42620,12,920,1,0,1
15685,17,703,1,0,0
25659,14,470,0,1,1
40159,11,493,1,0,0
33842,14,701,0,0,1
4233,12,663,0,1,1
14763,17,286,1,1,1
21854,14,956,0,0,0
4072,22,914,0,0,0
5395,10,608,0,1,1
46781,18,312,1,0,0
41973,2,309,0,0,0
29225,6,775,0,1,1
41096,20,97,1,0,0
10003,13,965,1,0,0
3120,13,113,0,1,1
41855,21,988,0,0,1
20520,12,637,0,0,0
21552,11,456,0,0,0
45748,23,463,1,1,1
38101,8,948,1,0,1
9616,0,132,0,1,1
47427,18,930,1,1,1
49569,10,965,0,0,1
2496,22,929,1,1,1
18646,21,121,1,0,0
19229,22,197,0,0,0
1691,23,806,0,0,0
11403,21,482,0,1,1
30661,18,634,0,0,1
6283,17,794,1,0,0
26672,11,897,1,0,0
34180,22,772,0,1,1
20795,0,39,1,1,1
7414,18,566,1,0,0
19723,19,512,0,0,0
2239,16,474,0,0,0
47556,4,161,1,0,0
31390,2,289,0,1,1
18188,1,200,0,1,1
39792,2,788,1,1,1
33230,7,528,1,1,1
32188,15,917,0,1,1
26392,5,685,1,1,1
46349,12,503,0,1,1
20770,22,248,0,0,0
3838,21,383,1,0,0
2569,21,218,1,0,0
22634,15,87,0,0,0
48974,15,82,0,0,0
49808,2,62,0,0,0
9117,12,799,1,1,1
2908,13,500,0,0,0
49238,7,42,1,1,1
47738,11,12,0,0,0
12813,22,833,1,1,1
40429,22,746,0,1,1
2819,21,841,1,0,0
22990,20,643,0,0,0
11800,7,115,0,0,0
36609,20,218,0,0,0
42634,8,649,0,0,1
36866,0,106,1,1,1
26805,5,691,1,0,0
18887,22,528,1,1,1
48945,18,472,1,1,1
26688,22,754,1,1,1
26223,10,846,0,0,0
33162,10,893,1,0,1
10277,22,387,1,0,0
21827,12,226,1,0,0
30320,10,481,1,0,0
9982,17,754,0,0,0
1236,22,408,0,1,1
34932,14,457,0,0,0
32066,0,653,0,1,1
7109,20,898,1,1,1
13087,6,711,1,0,0
37411,22,624,0,0,1
31675,12,639,0,0,1
1107,11,21,1,0,0
5545,17,659,1,0,0
10806,23,601,0,0,0
47617,18,815,0,1,1
44586,14,918,0,1,1
29357,7,203,0,1,1
21836,18,417,1,1,1
42307,9,416,1,1,1
13381,6,448,1,1,1
1535,17,512,0,0,0
33439,15,85,1,0,0
35250,19,167,1,0,0
25921,5,384,0,1,1
26760,8,468,0,1,1
5184,20,72,0,1,1
16761,12,810,0,0,0
13607,20,997,0,0,0
7159,7,521,0,0,0
18371,15,793,1,1,1
45639,12,473,1,1,1
7591,12,993,1,1,1
47395,16,258,1,0,0
14959,22,275,1,1,1
8173,19,750,1,0,0
9177,4,20,0,0,0
21053,21,490,0,0,0
11483,20,745,0,0,0
49246,16,490,1,0,0
2453,8,733,1,0,0
23921,1,326,0,0,0
37667,17,529,0,1,1
49938,8,892,0,0,1
24960,5,89,0,1,1
21295,10,486,0,0,0
12039,5,708,1,0,0
25438,5,350,1,0,0
21830,12,84,1,1,1
21527,10,387,0,0,0
35296,13,87,1,0,0
27183,1,307,0,1,1
21610,7,850,1,1,1
44164,2,154,0,1,1
7913,22,440,0,1,1
31698,20,740,1,0,1
47282,2,960,1,0,1
27670,0,264,1,1,1
27182,23,977,1,0,0
29341,18,735,1,1,1
30778,17,421,0,1,1
44669,16,493,1,1,1
11845,19,633,1,0,0
26129,23,993,0,1,1
13125,12,411,1,0,0
36224,2,173,0,0,0
14388,0,4,1,0,0
23750,3,854,1,1,1
6640,12,640,0,0,0
32332,16,986,1,1,1
16522,10,992,1,0,0
3442,1,472,1,0,0
41946,15,110,1,0,0
35712,1,867,0,1,1
10496,18,37,0,1,1
17582,22,992,1,1,1
23511,18,583,1,1,1
46866,15,801,0,0,1
13361,21,31,0,0,0
3193,18,951,1,1,1
11822,8,381,0,1,1
22142,0,268,0,1,1
44513,9,11,0,1,1
47951,18,344,0,0,0
28187,0,840,1,1,1
32447,1,544,0,1,1
33856,15,569,1,0,1
39314,11,166,1,1,1
16435,7,700,0,0,0
28702,22,342,1,1,1
49001,17,482,1,0,0
34550,1,19,0,1,1
32296,12,628,0,1,1
5726,5,980,0,1,1
7524,20,184,1,1,1
12957,5,782,1,1,1
45023,8,545,1,0,1
20082,15,10,1,1,1
11525,10,592,0,0,0
2080,6,192,1,0,0
48390,9,320,0,0,0
26531,9,702,0,0,0
19540,19,580,0,1,1
41852,17,475,0,1,1
17275,23,860,1,1,1
48751,19,637,0,1,1
26485,8,427,1,0,0
38258,14,848,0,0,1
23119,3,59,0,0,0
18739,7,436,0,1,1
20094,8,97,1,1,1
34475,12,496,0,1,1
21663,8,787,0,1,1
39441,3,661,0,0,1
5876,16,278,0,1,1
36544,15,265,1,1,1
3480,14,9,1,0,0
8811,2,457,0,0,0
8882,19,795,0,1,1
17534,4,273,1,1,1
46865,22,940,1,0,1
20117,4,813,1,1,1
30807,19,8,0,0,0
39210,14,208,1,0,0
17443,17,914,0,1,1
38927,14,637,1,0,1
41752,1,123,1,1,1
5755,12,33,0,1,1
44959,3,513,1,1,1
15351,9,204,0,1,1
626,12,518,1,0,0
3324,9,809,0,1,1
47937,8,951,1,1,1
11636,7,517,1,0,0
28641,2,443,0,1,1
13647,15,592,0,1,1
34631,13,786,0,1,1
8812,8,689,0,1,1
38665,20,850,1,0,1
9308,10,833,1,0,0
5209,2,339,1,1,1
49368,4,438,1,0,0
35301,9,445,1,0,0
17067,12,136,1,0,0
29859,3,387,0,0,0
20272,23,25,1,1,1
37035,12,506,1,0,1
26689,11,325,0,1,1
30115,4,695,1,1,1
29109,9,680,1,0,0
17873,23,979,1,1,1
41225,8,338,0,0,0
26243,19,690,0,1,1
6254,6,885,1,1,1
21904,1,95,0,0,0
41788,21,545,1,1,1
20681,23,623,1,0,0
30187,22,146,1,1,1
33081,6,893,0,1,1
3862,7,953,1,0,0
46267,6,231,1,0,0
9868,20,784,1,0,0
43508,22,848,1,1,1
39599,13,495,1,0,0
38659,18,38,0,0,0
48690,4,425,1,0,0
8883,22,647,0,0,0
46489,17,846,1,1,1
29881,19,747,0,1,1
30911,11,437,1,1,1
48887,22,831,1,1,1
35588,16,368,0,1,1
9005,12,345,0,1,1
9227,1,160,1,0,0
22531,12,550,0,1,1
49253,6,662,0,0,1
6468,9,912,1,0,0
27524,22,820,1,0,0
46924,5,541,1,0,1
45104,2,144,1,1,1
18433,2,588,1,1,1
23216,17,657,0,1,1
47319,10,741,1,0,1
43301,21,576,0,1,1
15625,19,859,1,1,1
23498,4,345,1,1,1
32957,18,269,0,1,1
10461,21,840,1,1,1
16469,18,696,0,1,1
3141,14,773,0,0,0
205,15,268,0,0,0
9178,23,169,1,1,1
25103,8,771,1,0,0
6190,3,739,1,0,0
38950,14,33,1,1,1
49886,11,377,1,0,0
2025,22,214,1,1,1
18540,2,562,0,0,0
39785,22,440,1,1,1
26115,13,492,1,0,0
33420,16,393,1,0,0
25391,18,489,1,0,0
36779,5,722,0,0,1
26389,3,946,0,1,1
3489,6,29,0,0,0
25783,18,39,0,1,1
13729,16,859,0,1,1
24926,15,612,1,0,0
35298,14,173,0,0,0
26730,21,17,0,1,1
33326,7,56,1,0,0
46263,18,226,1,1,1
33075,7,558,0,0,1
999,17,67,1,1,1
11753,15,197,1,0,0
28061,19,654,0,0,0
16505,18,835,1,1,1
8701,9,23,0,1,1
33762,16,999,0,1,1
33382,12,606,1,0,1
21388,12,754,0,0,0
29645,6,237,0,0,0
36977,9,957,1,0,1
46126,1,919,1,1,1
15413,3,923,1,1,1
15449,5,566,1,0,0
7279,23,138,0,0,0
10426,17,473,1,0,0
44655,22,845,1,1,1
1660,5,784,0,1,1
13712,22,553,0,0,0
17750,16,610,0,1,1
26845,13,695,0,0,0
31990,23,640,1,0,1
20122,10,229,1,1,1
4880,18,317,0,1,1
18411,1,598,0,1,1
28480,2,768,0,1,1
44762,10,721,0,0,1
2456,5,727,1,1,1
4890,13,886,0,1,1
27011,18,612,1,1,1
49558,15,561,0,1,1
24463,20,201,1,0,0
20149,21,948,1,0,0
10281,23,258,1,1,1
39925,6,480,1,1,1
16182,7,888,0,0,0
761,18,178,1,0,0
37512,19,757,0,1,1
48579,15,123,1,0,0
3020,21,342,1,0,0
25758,6,171,0,0,0
48870,8,845,0,0,1
14125,12,648,1,1,1
9046,0,59,1,0,0
28806,7,705,0,0,0
45600,23,465,1,1,1
39104,21,780,0,1,1
16409,3,260,0,1,1
46386,2,373,0,0,0
33220,2,973,1,1,1
30127,21,95,1,0,0
7105,12,125,0,1,1
46904,7,41,0,0,0
49410,6,891,0,1,1
1056,0,254,0,1,1
34939,15,7,1,0,0
8695,5,471,0,1,1
48008,6,728,1,1,1
12903,11,511,0,1,1
26063,22,581,1,1,1
36321,8,69,1,1,1
39543,10,81,1,0,0
33823,9,542,1,0,1
39163,20,585,1,1,1
48789,0,262,0,1,1
15382,17,89,0,0,0
4803,3,915,1,0,0
6663,4,208,0,1,1
25949,8,213,0,0,0
31960,16,834,0,1,1
31685,2,266,0,1,1
22115,15,912,0,1,1
12103,4,293,0,1,1
43685,15,207,0,0,0
27058,2,333,1,0,0
26117,19,77,0,0,0
11271,14,288,0,1,1
45450,2,47,0,0,0
12301,19,622,1,1,1
29526,13,200,1,1,1
17878,15,427,0,0,0
45341,16,210,1,1,1
42329,23,888,1,1,1
21216,19,420,0,1,1
48464,22,154,1,0,0
33397,17,522,0,1,1
19442,17,415,1,0,0
27590,21,353,0,1,1
20075,13,157,1,0,0
26823,17,261,0,1,1
23379,14,77,0,0,0
12865,14,769,1,0,0
46778,5,983,0,1,1
11661,14,488,0,1,1
41999,17,131,1,1,1
625,3,579,0,1,1
22961,22,455,0,0,0
49253,7,740,1,1,1
33242,14,163,0,0,0
27016,2,15,1,1,1
45065,14,232,0,0,0
4748,12,195,1,0,0
35233,8,861,1,0,1
30623,1,542,0,1,1
29152,23,359,1,1,1
34514,7,850,0,0,1
32881,19,331,0,0,0
4699,16,427,1,0,0
35146,12,497,0,0,0
47164,0,828,0,0,1
36023,1,486,1,1,1
41189,14,808,0,0,1
3914,11,449,0,1,1
45993,13,413,1,1,1
36084,1,330,0,1,1
26716,17,732,0,0,0
2213,21,889,1,0,0
43106,6,991,0,0,1
13860,22,147,0,0,0
22027,5,259,1,1,1
21039,13,292,0,1,1
32519,7,811,0,1,1
12688,21,143,1,0,0
36242,1,993,1,0,1
39298,16,937,0,0,1
44838,4,747,0,0,1
33497,13,627,1,0,1
16753,23,365,0,0,0
10931,19,90,0,1,1
5824,20,720,0,1,1
11183,20,164,1,0,0
46017,21,481,0,1,1
19916,2,84,0,1,1
42340,4,77,1,1,1
6376,15,673,1,1,1
48503,17,517,1,0,1
38763,16,485,0,1,1
14094,10,590,0,0,0
23599,16,603,1,0,0
23140,15,599,0,1,1
43420,22,782,0,0,1
17059,1,104,0,1,1
6199,3,452,0,0,0
42367,20,487,1,0,0
19676,6,339,1,1,1
36046,1,687,0,1,1
6216,5,566,1,0,0
15663,16,900,0,1,1
26888,6,478,0,0,0
27028,4,723,1,1,1
36436,4,607,1,0,1
9947,19,223,0,0,0
26255,15,9,0,0,0
14235,18,53,0,0,0
17874,8,77,0,0,0
1842,4,718,1,1,1
18409,7,503,1,0,0
719,8,316,0,1,1
17758,4,814,0,1,1
34807,9,822,1,0,1
20437,1,842,0,0,0
16101,8,624,1,1,1
1068,10,863,0,0,0
47714,3,165,1,0,0
25992,21,279,0,1,1
25719,21,27,0,1,1
381,21,70,0,1,1
27520,1,218,1,1,1
15460,22,962,1,1,1
39130,5,365,0,1,1
1158,13,701,0,0,0
20777,0,845,0,1,1
10824,17,947,0,1,1
28504,6,306,1,0,0
38046,0,124,1,0,0
39848,0,19,1,0,0
29956,0,257,0,0,0
9300,23,296,0,0,0
34097,3,928,1,0,1
25711,3,22,0,1,1
41335,17,880,1,0,1
35157,10,989,1,0,1
1339,0,450,1,0,0
38238,9,552,1,0,1
49038,8,550,0,1,1
225,22,48,1,0,0
45372,3,695,0,0,1
23957,5,587,1,1,1
15498,15,721,1,1,1
6738,1,183,1,1,1
6670,22,435,1,0,0
3349,17,107,0,1,1
9210,9,188,0,1,1
40463,23,776,0,1,1
13705,23,86,0,0,0
12215,16,836,1,0,0
39162,12,843,0,1,1
23011,23,456,0,0,0
38625,17,137,1,0,0
32656,21,858,0,0,1
12695,12,898,0,0,0
2069,16,336,0,0,0
43853,4,607,0,1,1
17375,10,838,1,1,1
4570,6,757,1,1,1
10325,9,469,0,1,1
42424,16,602,1,0,1
42074,14,571,0,1,1
42859,17,403,0,1,1
23296,22,540,0,0,0
40387,21,72,1,0,0
13769,18,782,1,0,0
37480,1,24,1,0,0
45241,3,624,1,1,1
48420,2,812,1,0,1
47514,6,485,1,0,0
38106,23,56,0,0,0
15677,17,986,1,0,0
22573,9,223,0,0,0
28725,6,632,0,0,0
15604,7,179,1,1,1
24189,5,800,0,1,1
36587,21,434,0,1,1
402,0,937,0,0,0
31563,3,450,1,0,0
45012,13,793,1,1,1
29359,16,884,0,1,1
42923,19,492,1,1,1
37308,17,189,0,1,1
30759,10,578,1,0,1
35940,20,810,0,1,1
31990,13,961,0,0,1
13698,8,420,1,0,0
47155,14,249,1,0,0
46833,11,588,1,1,1
19608,9,649,1,1,1
42387,18,164,1,1,1
13480,23,745,0,0,0
27084,18,255,0,0,0
44733,5,476,0,1,1
8225,19,806,1,0,0
36159,23,417,1,1,1
4133,5,170,0,0,0
37973,7,317,0,0,0
17187,0,174,0,0,0
41001,21,470,0,0,0
49826,16,345,1,0,0
5804,16,445,0,0,0
7948,23,18,1,0,0
21692,14,70,0,1,1
45843,6,338,1,0,0
7024,18,628,1,0,0
27308,21,592,1,1,1
19714,22,527,1,1,1
588,2,688,0,1,1
39982,21,456,0,1,1
26023,10,269,0,0,0
48608,19,631,1,0,1
36041,18,811,0,1,1
29265,8,188,0,0,0
1767,9,569,0,1,1
26313,1,711,1,0,0
4214,0,529,1,0,0
36421,15,434,1,0,0
7861,17,288,0,0,0
31216,22,918,0,0,1
33868,16,567,0,1,1
48506,5,499,1,0,0
25526,13,441,0,0,0
17872,22,781,1,0,0
38318,14,303,1,0,0
3812,13,87,1,0,0
1467,23,830,1,1,1
41057,21,438,0,0,0
41881,2,541,0,1,1
49706,23,22,1,0,0
26300,22,833,0,0,0
3826,18,797,1,1,1
23716,11,560,0,0,0
27823,1,517,0,0,0
37674,2,762,1,1,1
35058,17,675,1,0,1
9208,0,503,1,1,1
12278,19,714,1,1,1
35743,20,467,0,1,1
31424,5,101,1,0,0
38460,4,583,0,0,1
17924,0,942,1,1,1
45460,18,675,0,0,1
9027,0,685,1,1,1
28244,20,141,0,0,0
31110,20,138,0,1,1
22543,15,578,0,0,0
14537,11,710,1,1,1
44398,21,840,1,0,1
39878,7,228,1,1,1
11307,15,281,1,0,0
25637,0,684,0,1,1
35857,3,828,0,0,1
12140,9,431,0,0,0
42086,10,40,1,1,1
22712,16,519,0,0,0
28541,22,686,0,0,0
6571,6,663,1,0,0
35731,11,211,1,0,0
43561,20,302,0,1,1
26623,6,86,1,0,0
31448,11,397,1,0,0
1277,14,253,1,1,1
4860,1,533,1,0,0
32879,13,769,0,1,1
21736,12,891,0,0,0
16453,3,915,0,1,1
11656,13,381,0,0,0
27698,13,444,0,1,1
11663,15,33,1,1,1
46919,6,260,0,1,1
43890,18,234,0,0,0
8334,1,515,1,1,1
25619,9,859,1,0,0
27066,17,308,1,1,1
16273,16,739,0,1,1
27087,4,796,1,1,1
13278,11,70,1,0,0
39438,5,454,1,0,0
24696,21,439,0,1,1
33274,8,825,1,1,1
42074,19,364,1,1,1
4531,0,983,0,1,1
27864,21,766,1,1,1
21727,14,481,0,1,1
39410,20,144,0,1,1
9006,5,24,1,1,1
37014,18,965,0,0,1
44914,17,425,1,1,1
45479,5,746,1,0,1
13176,12,845,1,1,1
49392,0,175,1,0,0
37750,22,844,0,0,1
46981,22,325,1,1,1
46513,12,869,1,0,1
6112,6,671,1,0,0
7251,14,860,0,1,1
28311,11,348,0,1,1
27217,0,798,1,1,1
36478,14,18,0,0,0
42752,3,44,0,1,1
6994,12,155,1,0,0
13567,22,867,1,1,1
31110,4,922,1,1,1
49357,1,377,1,0,0
42741,22,743,1,0,1
12389,0,883,0,0,0
45076,15,828,1,1,1
43696,22,402,1,1,1
23271,5,225,1,1,1
35005,22,217,1,0,0
20929,15,568,1,0,0
34154,13,31,0,0,0
48578,2,869,1,0,1
44239,14,59,0,1,1
48813,2,892,1,0,1
29834,22,898,1,0,0
7152,1,353,1,1,1
3754,0,935,0,1,1
23586,8,445,1,0,0
18843,8,235,1,0,0
48468,22,107,1,0,0
24589,6,191,1,0,0
8736,2,992,1,0,0
6541,17,530,1,0,0
24711,10,913,1,1,1
42535,6,738,0,1,1
12249,8,679,1,1,1
34666,0,583,1,1,1
42468,13,874,1,0,1
21775,19,566,0,0,0
5595,5,245,0,0,0
42768,6,995,1,0,1
13773,9,862,0,1,1
11230,6,76,1,0,0
22768,1,547,1,0,0
15322,3,267,0,0,0
23769,20,317,1,0,0
34168,16,812,0,1,1
23353,0,121,0,0,0
9535,9,836,0,1,1
28652,18,25,1,0,0
37484,14,432,1,0,0
16493,9,160,1,0,0
10717,18,596,1,1,1
38620,11,114,1,0,0
9952,23,735,1,0,0
31501,15,900,1,0,1
6395,8,502,0,1,1
36093,14,166,1,1,1
34184,16,703,1,0,1
45205,13,175,1,1,1
39675,17,1,0,0,0
36551,1,899,0,0,1
7327,3,741,0,1,1
32010,17,86,1,0,0
36141,6,574,0,0,1
23484,12,320,0,1,1
245,14,401,1,1,1
37878,22,382,1,1,1
16135,21,718,1,1,1
3140,0,617,0,0,0
42522,10,318,1,0,0
26260,9,803,1,0,0
49734,4,250,1,0,0
17733,15,525,1,0,0
29444,10,675,1,0,0
17114,20,555,1,0,0
15096,5,898,0,0,0
49204,8,952,1,1,1
41721,12,623,0,0,1
11795,23,717,0,0,0
2952,7,896,1,0,0
16114,13,256,0,0,0
27142,23,307,0,0,0
33855,0,950,0,1,1
40490,16,144,1,1,1
23811,23,658,0,1,1
26222,4,391,0,0,0
9260,1,813,0,0,0
27313,23,676,0,0,0
39520,8,169,1,0,0
7521,3,990,1,1,1
21500,16,298,0,1,1
33637,16,233,1,0,0
17827,20,903,1,0,0
46982,17,271,0,1,1
4458,15,60,1,1,1
28582,7,296,1,1,1
32217,10,467,0,1,1
23264,20,235,0,1,1
32010,20,677,1,1,1
32596,17,706,1,1,1
44411,22,234,1,0,0
29471,23,368,1,0,0
38567,9,695,0,1,1
17725,12,845,0,0,0
33993,16,232,0,1,1
10893,17,873,0,0,0
31107,9,491,0,1,1
25866,15,619,1,0,0
39632,19,503,1,1,1
12423,4,890,0,0,0
45899,12,735,0,0,1
46920,17,592,0,1,1
45508,16,746,1,1,1
7943,8,381,1,1,1
14310,13,696,1,0,0
16556,16,428,0,0,0
31467,3,697,0,0,1
10206,17,646,0,0,0
38057,19,732,0,1,1
2572,23,800,0,1,1
49959,23,364,1,0,0
6804,14,202,0,1,1
3813,10,882,1,1,1
5151,11,146,1,1,1
10856,8,836,1,1,1
2575,12,639,1,0,0
36478,14,457,1,1,1
4355,14,135,0,1,1
14584,4,626,0,1,1
34603,22,264,0,0,0
8358,18,64,1,1,1
40847,19,491,1,0,0
35296,13,647,1,0,1
45213,16,41,1,1,1
40294,17,296,1,1,1
8633,20,3,1,0,0
32681,2,913,0,0,1
5349,1,706,1,0,0
19301,0,975,1,0,0
9786,9,110,0,1,1
46977,18,221,1,0,0
32107,16,370,0,1,1
761,11,368,0,1,1
44943,0,436,0,0,0
30237,11,918,1,1,1
47656,16,4,0,0,0
42928,23,244,0,0,0
48704,2,902,1,0,1
10626,10,166,0,1,1
3474,16,26,1,1,1
25692,22,395,1,0,0
29082,2,474,0,1,1
307,7,17,1,1,1
35533,19,728,1,1,1
23297,3,92,0,1,1
33500,20,483,0,1,1
3183,21,543,0,0,0
29428,6,205,0,1,1
46579,13,502,1,1,1
42991,13,931,0,0,1
20203,3,400,0,1,1
39991,15,207,0,1,1
10854,23,619,1,1,1
34547,21,146,1,0,0
16001,0,879,1,1,1
33104,16,101,1,1,1
7546,9,880,1,0,0
37311,21,830,0,0,1
48331,15,880,1,1,1
29401,15,241,1,0,0
26216,7,923,1,0,0
41423,6,759,0,0,1
18852,5,163,0,1,1
32476,15,884,1,1,1
16769,19,173,0,0,0
33016,15,502,1,0,1
13495,6,547,0,0,0
20521,8,284,0,0,0
26442,13,359,1,1,1
4995,10,381,0,0,0
11123,13,870,1,1,1
10799,6,905,1,0,0
9815,0,972,1,1,1
19269,12,911,0,1,1
16263,19,533,0,0,0
5882,2,820,1,1,1
22741,19,163,1,1,1
18892,3,609,0,1,1
49592,10,307,1,0,0
35685,1,339,0,1,1
30782,13,55,0,1,1
47964,11,983,0,0,1
18980,16,333,1,0,0
38167,11,127,1,1,1
42785,11,940,0,1,1
18173,0,705,1,0,0
36135,12,243,1,0,0
37274,13,861,0,1,1
24937,23,600,0,1,1
17926,1,848,1,0,0
25081,11,409,0,0,0
10482,20,503,1,1,1
4537,15,727,0,1,1
5535,3,604,0,0,0
24919,7,303,1,1,1
36975,1,464,1,1,1
32082,9,235,1,1,1
33428,8,696,1,1,1
12429,22,38,1,0,0
25269,14,139,0,0,0
22032,12,195,0,1,1
34694,22,527,1,1,1
11521,16,769,0,1,1
45133,15,647,1,1,1
7729,1,1,0,0,0
8425,19,561,0,1,1
28595,19,96,1,1,1
31850,13,713,1,0,1
29719,2,413,1,0,0
40561,22,538,0,1,1
8364,11,855,1,0,0
12786,7,429,1,0,0
46584,1,235,1,1,1
24326,3,349,1,1,1
6821,13,756,1,0,0
20709,15,870,1,1,1
7473,18,481,0,0,0
38775,1,839,0,0,1
48995,11,396,0,0,0
29037,13,351,0,1,1
5756,5,416,1,1,1
9084,12,886,1,0,0
30084,3,916,0,0,1
8386,21,887,0,1,1
6001,17,51,0,0,0
31652,11,81,1,0,0
25809,19,36,1,1,1
31155,21,67,1,1,1
37785,20,641,0,1,1
8529,18,882,0,1,1
14816,7,667,0,0,0
48663,6,757,0,1,1
11238,15,623,0,1,1
35398,18,680,1,0,1
23529,5,481,1,0,0
5872,19,468,1,0,0
48344,20,142,1,1,1
48619,10,356,1,0,0
35832,4,709,0,1,1
40005,15,471,1,0,0
17447,6,621,0,1,1
17020,4,888,1,0,0
31922,10,591,0,1,1
46759,14,902,0,1,1
40208,2,673,0,0,1
23663,4,439,0,0,0
8067,22,531,0,1,1
45283,20,127,0,0,0
11971,4,205,1,1,1
28863,8,29,0,1,1
12016,14,445,0,1,1
8834,2,966,1,0,0
33713,5,719,0,1,1
28279,16,464,1,1,1
35362,20,280,1,1,1
12777,7,151,0,1,1
18368,20,240,0,0,0
12430,10,266,1,0,0
20833,5,694,0,1,1
38047,7,105,1,0,0
27386,9,937,0,0,0
6710,23,433,1,1,1
6530,2,913,0,0,0
40022,22,497,0,0,0
13928,13,440,1,0,0
43013,22,748,1,0,1
31597,13,685,1,0,1
39356,9,158,1,0,0
36718,11,172,0,1,1
49941,5,494,1,0,0
46432,11,970,1,1,1
26626,22,311,0,1,1
30258,13,403,0,1,1
25132,1,669,1,0,0
37946,8,770,0,0,1
45036,9,676,1,1,1
29894,16,659,0,1,1
5548,16,903,1,1,1
28961,2,666,0,0,0
28241,18,463,1,0,0
9174,0,367,1,0,0
6506,11,550,0,1,1
31923,6,643,0,0,1
23391,3,870,1,0,0
41668,9,255,1,1,1
32103,12,208,0,0,0
46951,1,450,0,1,1
34506,9,95,0,0,0
23412,20,860,0,1,1
43208,21,839,0,0,1
1482,3,478,0,1,1
34271,17,683,0,0,1
41879,4,762,0,1,1
3392,18,190,0,1,1
41879,1,711,1,0,1
33287,11,484,0,0,0
12511,16,733,0,1,1
37385,9,536,1,0,1
15522,1,756,1,1,1
42568,5,423,1,1,1
32471,7,836,1,0,1
5793,18,640,1,0,0
33635,10,605,1,0,1
14918,11,812,0,1,1
31338,8,133,1,1,1
30974,1,55,1,0,0
26815,7,989,1,1,1
27705,10,510,0,1,1
34417,20,670,1,0,1
31274,3,541,0,1,1
10056,9,410,1,1,1
39008,20,211,1,1,1
10937,19,666,0,0,0
3816,15,293,0,0,0
4581,7,987,1,1,1
24382,3,734,0,0,0
6648,9,115,0,1,1
37705,11,949,1,0,1
7858,13,670,1,1,1
43768,15,259,1,1,1
23277,21,763,0,1,1
24122,17,122,1,1,1
40861,20,299,1,0,0
5642,21,775,0,1,1
25576,20,381,0,1,1
30884,11,561,1,0,1
22840,17,889,0,0,0
24917,6,841,1,1,1
47696,19,501,0,1,1
16152,23,297,1,0,0
35253,22,362,0,1,1
47176,6,589,0,1,1
771,8,463,0,1,1
263,0,438,0,1,1
41524,5,127,1,1,1
44102,5,197,0,1,1
4895,21,221,1,1,1
10734,11,995,0,1,1
4898,21,91,0,1,1
22520,11,411,1,0,0
29400,9,8,0,0,0
24445,22,544,0,0,0
10849,5,468,1,1,1
38695,16,320,0,1,1
25221,18,394,1,1,1
37587,17,269,0,0,0
28511,5,191,0,0,0
33461,23,861,0,1,1
21323,18,675,1,0,0
7494,9,61,0,0,0
14156,23,438,0,1,1
28480,7,264,0,1,1
26135,20,797,0,0,0
30720,23,95,0,1,1
19977,5,553,0,0,0
43504,20,926,0,0,1
31011,6,470,0,0,0
32884,23,661,0,1,1
3291,0,716,1,0,0
33260,17,779,0,0,1
25100,23,514,1,1,1
39140,19,690,1,1,1
49823,11,937,1,0,1
3731,15,194,0,1,1
6272,9,482,1,1,1
42180,9,899,1,0,1
23661,13,336,1,1,1
24917,19,435,0,0,0
20381,9,196,1,1,1
28771,9,855,0,1,1
25464,10,249,1,0,0
41774,22,498,1,0,0
27525,1,212,0,1,1
28702,19,665,0,1,1
23353,7,670,1,1,1
23572,22,466,1,0,0
49330,6,874,1,1,1
8180,7,651,0,0,0
7199,0,221,0,1,1
25531,20,273,1,1,1
31286,1,154,1,1,1
47784,17,249,0,1,1
30211,14,279,0,1,1
39951,0,440,1,0,0
22714,4,948,0,0,0
26824,1,816,1,0,0
42091,19,276,0,1,1
5040,2,514,1,0,0
28858,18,88,1,0,0
36324,17,799,1,1,1
7888,21,923,0,1,1
28182,17,642,1,0,0
24134,13,505,1,0,0
35579,23,590,0,0,1
11380,7,772,1,0,0
18152,11,241,1,0,0
16631,20,653,1,0,0
22904,9,740,0,0,0
29003,22,675,0,1,1
44957,19,236,0,0,0
10242,16,128,0,1,1
49617,10,503,1,1,1
48455,1,200,0,1,1
9966,3,962,0,0,0
4631,0,902,0,0,0
45554,14,543,1,1,1
38198,12,502,1,0,1
38378,7,650,1,0,1
28238,3,492,0,1,1
27165,9,21,1,0,0
30056,18,234,1,1,1
41832,17,714,0,1,1
39361,4,791,1,1,1
10859,18,643,0,1,1
5539,22,416,0,0,0
47341,21,148,1,1,1
42633,15,970,0,0,1
28370,0,29,0,0,0
13379,11,361,0,0,0
39379,23,308,0,0,0
44351,1,883,0,1,1
23988,20,942,0,1,1
17730,7,162,1,1,1
35244,17,869,0,1,1
31282,15,852,0,1,1
25638,4,61,0,0,0
11924,21,125,0,1,1
32225,12,456,1,0,0
7079,18,71,1,0,0
26289,2,838,0,1,1
42700,7,907,1,0,1
12604,11,876,0,0,0
20769,1,466,0,1,1
7010,10,243,0,1,1
46957,11,490,0,1,1
35064,17,761,1,0,1
20231,12,221,1,1,1
25327,4,473,0,1,1
6078,21,959,0,0,0
22091,11,533,1,1,1
17253,1,494,1,0,0
33648,4,899,0,0,1
42776,6,82,1,1,1
39171,23,856,0,0,1
47554,11,879,1,0,1
4083,15,998,1,1,1
9603,22,522,1,1,1
30021,7,923,1,1,1
17005,8,12,0,0,0
45938,14,263,0,0,0
24053,4,657,1,1,1
26906,12,449,0,1,1
45100,4,192,1,1,1
22268,10,762,1,0,0
4683,9,114,0,1,1
38814,19,26,0,0,0
49245,12,783,0,1,1
39996,8,499,1,0,0
11989,20,508,0,0,0
27513,13,545,0,1,1
12375,17,62,0,0,0
2561,14,229,0,0,0
14391,9,815,1,1,1
46904,23,607,1,1,1
11535,6,35,1,0,0
28035,7,705,1,0,0
33553,2,456,1,0,0
18644,14,588,1,1,1
12358,15,891,1,0,0
30941,3,502,0,0,1
48858,20,761,1,1,1
49290,5,595,1,1,1
10836,0,25,1,1,1
37743,3,569,1,1,1
44050,10,32,0,1,1
35064,11,831,1,0,1
28144,4,12,1,0,0
40033,22,319,0,0,0
16097,20,845,1,1,1
14315,15,604,1,1,1
33169,12,1,1,1,1
24011,12,435,1,0,0
17130,16,838,1,1,1
29434,6,136,1,1,1
14671,7,196,1,1,1
42819,12,133,0,0,0
29027,22,985,0,1,1
20814,15,86,1,1,1
43641,3,476,0,0,0
23487,7,807,1,1,1
28544,15,791,0,1,1
49008,20,324,1,1,1
20021,9,180,0,0,0
13157,11,516,1,1,1
45368,11,638,0,1,1
24958,4,175,0,0,0
48789,15,763,1,0,1
44738,0,21,1,1,1
26162,8,997,0,0,0
36950,11,952,0,1,1
46586,4,105,1,0,0
20667,21,578,0,1,1
29839,19,443,1,1,1
43385,21,775,0,1,1
3854,23,49,0,0,0
27144,2,528,1,0,0
1824,4,145,1,1,1
1476,1,340,1,1,1
8806,13,762,0,1,1
8994,1,855,0,1,1
18137,12,354,0,0,0
18550,6,75,1,0,0
16506,9,802,0,1,1
29825,12,929,0,0,0
6026,15,794,1,0,0
39119,13,578,0,0,1
9596,10,637,0,1,1
36168,9,319,1,1,1
29906,5,87,1,0,0
22763,3,553,1,0,0
41421,20,982,1,1,1
36595,0,698,1,1,1
22756,6,866,1,1,1
25960,23,892,1,0,0
49766,8,847,1,0,1
16932,7,778,1,0,0
38887,4,783,0,1,1
48331,18,42,1,1,1
21827,9,93,1,1,1
42915,10,697,0,1,1
29645,14,727,1,1,1
44622,5,507,0,0,1
2620,14,529,0,0,0
3181,4,956,1,0,0
34296,18,265,0,1,1
36835,21,626,1,0,1
39313,18,292,1,1,1
14666,9,969,0,0,0
14142,11,464,0,0,0
25598,21,804,0,1,1
11429,3,560,1,0,0
31756,17,819,1,0,1
2259,15,97,0,0,0
38000,7,887,1,0,1
19463,3,95,1,0,0
47801,22,326,0,0,0
43341,11,74,0,0,0
19133,1,336,0,1,1
10905,3,68,0,0,0
35951,4,758,0,1,1
26932,2,918,0,0,0
14044,8,77,0,1,1
19973,20,208,0,1,1
40472,17,884,0,0,1
24028,10,766,0,1,1
15479,2,221,1,1,1
36851,22,262,1,0,0
34646,1,410,0,1,1
24386,8,331,1,0,0
5210,13,344,1,1,1
12187,3,989,1,1,1
23862,8,771,1,1,1
17181,12,820,1,1,1
35047,17,74,1,0,0
9696,14,637,0,0,0
38119,9,700,0,0,1
42103,15,254,1,0,0
18413,11,959,1,0,0
47739,19,833,0,1,1
1113,4,820,1,0,0
49478,1,747,1,1,1
23805,9,986,1,0,0
1928,0,762,1,0,0
8009,6,332,1,0,0
38456,16,398,0,0,0
13209,15,345,0,1,1
2123,23,584,1,0,0
14637,2,747,0,1,1
26761,13,836,1,1,1
38759,9,668,1,0,1
33948,21,455,1,1,1
37904,6,906,1,1,1
15479,16,115,1,0,0
27866,5,313,1,1,1
43690,22,228,1,0,0
2663,21,834,1,0,0
36160,3,858,1,1,1
29297,16,245,0,1,1
3686,8,818,1,1,1
16187,3,526,0,1,1
48968,6,528,0,1,1
23325,22,950,1,1,1
29850,1,427,0,1,1
6743,16,42,1,0,0
27623,23,465,1,0,0
36827,7,622,1,0,1
11105,22,278,1,1,1
43643,14,836,0,1,1
261,14,19,0,1,1
16129,7,66,1,0,0
49845,15,167,0,0,0
14326,18,585,0,0,0
28831,10,403,0,1,1
44022,1,912,1,0,1
44948,22,822,0,0,1
3490,23,409,0,1,1
6097,16,112,0,0,0
12793,15,274,1,0,0
49915,14,407,0,0,0
42192,12,373,0,1,1
641,14,597,1,0,0
21917,3,651,0,1,1
37961,15,39,1,1,1
13528,11,105,1,0,0
44034,3,324,1,0,0
48931,2,793,1,1,1
10358,21,959,1,1,1
16144,16,992,1,1,1
29511,21,414,0,1,1
5569,17,429,1,1,1
28954,17,635,0,0,0
6356,22,730,0,1,1
10820,16,889,1,0,0
34037,11,61,0,1,1
33698,22,612,0,0,1
1751,20,307,0,1,1
19294,23,354,1,0,0
25151,3,393,0,0,0
27486,11,204,0,1,1
9618,22,258,1,1,1
46126,21,486,0,0,0
16284,20,517,0,0,0
33887,19,446,0,0,0
21721,14,709,1,1,1
10128,22,180,0,1,1
12548,15,342,0,1,1
45353,4,133,1,1,1
34151,20,443,1,0,0
49911,14,836,1,1,1
30547,16,253,0,1,1
18494,17,265,1,1,1
34601,4,93,1,1,1
30354,12,662,1,1,1
18609,18,411,0,0,0
49098,12,138,1,1,1
14572,17,208,1,0,0
45757,13,637,1,1,1
3571,3,746,1,1,1
41896,3,573,1,1,1
30368,19,307,0,1,1
8429,19,266,0,0,0
34965,18,646,1,0,1
46950,12,318,1,1,1
46798,11,113,1,0,0
28372,6,901,0,0,0
42945,11,378,0,1,1
6497,20,454,0,0,0
32473,3,191,0,0,0
35625,1,891,1,1,1
24670,1,440,1,1,1
18384,4,187,1,0,0
19094,22,831,1,1,1
23384,9,367,0,1,1
17933,9,89,1,1,1
25222,8,187,0,0,0
5117,12,819,0,1,1
16470,6,946,1,1,1
29352,4,132,0,0,0
8099,9,872,0,0,0
22536,9,635,1,0,0
43063,5,560,0,0,1
2196,18,800,0,0,0
48301,20,376,1,1,1
25379,7,691,0,0,0
43463,0,692,0,1,1
48809,16,99,1,0,0
26301,6,842,0,1,1
19815,13,34,1,1,1
29409,20,932,0,0,0
15178,20,582,0,0,0
5205,16,171,1,0,0
29412,8,366,1,0,0
2939,16,784,0,0,0
3484,4,59,1,0,0
43719,19,181,0,1,1
42921,7,19,1,1,1
13593,5,226,0,1,1
17169,10,473,0,1,1
47007,18,95,0,1,1
7631,3,881,0,0,0
37151,17,297,0,0,0
7836,0,593,1,1,1
7810,12,175,1,1,1
1719,13,222,0,0,0
14075,23,615,0,0,0
45703,0,54,1,0,0
23352,10,695,1,0,0
15361,16,863,1,1,1
1531,3,403,1,1,1
9167,11,318,1,0,0
37581,9,867,0,0,1
27137,5,349,0,1,1
9657,0,443,1,1,1
9535,6,833,1,1,1
37866,20,580,1,0,1
262,15,540,1,1,1
34842,23,786,1,0,1
19775,13,282,1,0,0
8561,22,360,1,0,0
17115,19,915,1,1,1
32691,19,823,1,1,1
28147,5,631,0,0,0
34882,21,892,1,1,1
9933,4,953,1,0,0
7996,23,646,0,1,1
33072,20,641,0,0,1
49833,17,8,0,0,0
41900,14,993,1,1,1
30608,5,563,1,1,1
5447,18,491,1,0,0
30414,0,341,1,1,1
2743,0,472,0,0,0
40885,12,793,1,0,1
18781,2,687,1,0,0
38428,9,695,0,0,1
15992,20,704,1,0,0
47399,2,249,1,0,0
17173,8,235,1,0,0
36868,7,83,1,0,0
30782,2,93,0,1,1
32362,12,885,0,1,1
31458,5,394,0,0,0
14389,12,824,0,0,0
49923,22,268,1,0,0
8027,19,417,1,1,1
48430,19,632,1,0,1
1271,11,583,0,0,0
12018,12,529,0,0,0
42003,1,253,0,1,1
39210,20,957,1,1,1
12029,23,122,1,1,1
2639,22,892,0,0,0
36827,15,10,0,0,0
46051,22,799,1,1,1
22769,5,316,1,0,0
5532,18,838,1,1,1
20744,20,273,0,1,1
18845,12,306,0,0,0
28328,16,805,0,0,0
34621,22,210,0,0,0
31803,8,958,1,0,1
27028,16,730,1,1,1
18422,1,753,1,1,1
22460,18,886,0,1,1
29155,18,464,1,1,1
42991,23,712,1,1,1
16476,6,728,1,1,1
6688,21,717,1,0,0
25100,9,925,1,1,1
6404,9,416,0,0,0
7445,19,216,1,0,0
29400,8,80,1,1,1
24359,16,779,0,1,1
25570,14,480,0,0,0
23117,1,902,1,0,0
15452,3,891,1,1,1
33465,18,547,1,1,1
19546,16,801,1,0,0
2436,4,18,0,1,1
9979,6,165,1,1,1
32416,17,525,0,1,1
33440,20,202,1,1,1
7621,21,741,1,1,1
6271,6,346,1,0,0
23581,16,366,0,1,1
18574,6,977,1,1,1
46860,3,448,1,0,0
44729,7,513,0,0,1
45332,12,319,1,1,1
21108,3,217,0,1,1
1733,5,34,1,0,0
12585,4,871,0,1,1
43717,11,266,0,1,1
3748,3,640,0,1,1
48045,23,724,1,0,1
13240,8,775,0,1,1
18021,3,824,0,1,1
14457,18,80,1,0,0
46236,23,677,0,1,1
3237,13,413,1,1,1
197,4,252,1,1,1
11507,17,12,0,1,1
30675,9,401,0,0,0
12822,18,816,1,0,0
13024,11,724,0,1,1
3850,17,282,0,1,1
27833,16,112,0,1,1
8635,23,723,0,1,1
24587,10,378,1,0,0
30751,2,751,1,0,1
4766,22,268,0,0,0
48877,16,917,1,1,1
17094,0,298,0,1,1
1827,14,317,0,1,1
34722,8,570,0,0,1
10900,14,509,0,0,0
37923,23,950,1,0,1
43139,2,546,0,0,1
18808,21,775,1,0,0
12919,18,365,0,1,1
9469,12,547,1,1,1
9383,11,271,1,1,1
30673,19,961,1,0,1
13271,0,474,1,1,1
31033,20,739,0,1,1
5874,16,537,1,0,0
6619,12,234,0,0,0
11083,0,59,1,0,0
31032,9,251,1,1,1
30898,14,847,1,0,1
18233,6,86,0,1,1
15039,21,763,1,1,1
881,17,390,0,0,0
49150,15,180,0,1,1
27724,13,719,0,0,0
6923,17,856,1,0,0
18589,6,149,1,1,1
40061,16,583,1,1,1
29218,17,121,1,1,1
34981,11,765,1,0,1
16380,7,605,1,1,1
22363,21,256,1,0,0
13665,1,766,0,0,0
20454,6,864,1,1,1
43051,3,800,0,1,1
25743,17,309,0,1,1
23748,5,59,1,1,1
42071,8,69,1,0,0
18758,8,446,0,1,1
21353,13,388,0,0,0
48663,7,86,1,1,1
26490,18,786,0,1,1
23228,2,227,0,1,1
13589,17,593,0,0,0
38414,4,626,0,1,1
32758,13,184,1,0,0
6952,3,792,1,1,1
29550,6,322,0,1,1
2651,19,909,0,0,0
6511,11,318,0,0,0
49259,1,566,1,1,1
33343,10,399,1,1,1
21900,13,709,0,0,0
10503,21,899,0,1,1
7339,22,293,0,0,0
6810,15,293,1,1,1
21484,19,485,0,0,0
21138,5,899,0,0,0
40946,22,447,0,0,0
22547,3,803,0,0,0
2385,14,692,0,0,0
38091,23,983,1,1,1
13621,0,892,1,1,1
47757,6,412,1,1,1
7071,11,508,0,1,1
29239,9,734,1,1,1
20009,4,786,0,1,1
11631,11,890,1,1,1
14821,17,244,1,1,1
19306,9,420,0,1,1
37811,5,929,0,0,1
6630,11,960,0,0,0
11216,6,154,1,1,1
358,17,816,0,0,0
382,1,424,1,1,1
14037,9,273,1,0,0
1998,14,936,1,0,0
4235,11,647,0,0,0
6729,16,825,0,1,1
44036,3,520,0,1,1
19684,6,128,1,1,1
23651,8,373,1,1,1
33480,18,568,0,0,1
47071,22,638,1,1,1
17171,6,159,1,0,0
20174,22,571,1,1,1
25288,1,570,0,0,0
2407,5,652,1,0,0
40001,17,176,1,0,0
11305,5,927,0,0,0
6006,12,620,0,1,1
2691,18,211,0,1,1
15249,1,447,0,0,0
45018,11,586,0,1,1
40051,14,167,0,1,1
25250,13,460,1,0,0
31952,5,916,1,1,1
42970,17,357,1,1,1
49921,4,304,1,1,1
1383,17,233,0,0,0
33791,2,327,1,1,1
1225,2,884,0,0,0
1629,21,182,0,0,0
26270,21,634,1,0,0
8538,9,334,1,1,1
20195,18,715,0,1,1
16254,2,967,0,1,1
8104,11,29,0,0,0
9852,15,714,0,1,1
43460,16,93,1,0,0
26919,6,841,0,1,1
36732,12,868,1,0,1
26615,23,688,0,1,1
24317,1,330,0,1,1
23272,3,723,0,1,1
33094,9,184,1,0,0
15136,6,95,0,0,0
11839,23,785,1,1,1
32320,16,649,1,0,1
49516,19,749,1,0,1
9687,5,353,0,0,0
44617,18,930,1,1,1
30229,4,941,1,1,1
745,9,984,0,1,1
31030,8,265,0,0,0
16399,12,647,1,1,1
30190,18,656,1,0,1
22053,20,19,0,0,0
46543,23,743,1,1,1
26575,5,646,1,1,1
18988,3,626,1,1,1
43832,23,499,0,0,0
16187,2,139,1,0,0
46405,2,637,0,1,1
46137,3,716,0,0,1
9446,4,573,0,1,1
687,7,762,1,1,1
12863,15,810,0,1,1
42045,21,525,1,1,1
4179,2,908,0,1,1
36216,23,255,1,1,1
20315,11,85,1,0,0
25917,7,458,1,0,0
24865,12,532,0,1,1
30212,3,562,1,1,1
25656,13,676,1,0,0
18199,13,92,0,0,0
43653,12,600,0,1,1
45196,5,69,1,1,1
6550,16,37,0,0,0
13330,3,765,0,1,1
29109,7,764,0,0,0
5533,16,140,1,1,1
33966,2,867,0,0,1
39964,16,893,1,1,1
18810,8,680,0,1,1
11539,1,566,0,1,1
41955,12,898,1,0,1
16121,19,178,0,1,1
6516,1,809,0,0,0
7080,19,813,0,0,0
18158,10,871,0,0,0
11201,21,618,1,0,0
40818,14,137,1,1,1
32702,10,190,1,1,1
9222,22,640,1,1,1
12676,2,342,1,0,0
27616,2,559,1,1,1
22533,11,5,1,0,0
1189,23,972,0,0,0
37446,4,257,1,0,0
9227,19,812,1,1,1
10587,6,662,1,0,0
255,6,806,0,1,1
2058,12,243,1,1,1
10793,8,787,1,1,1
39212,20,720,1,0,1
38647,12,415,0,1,1
28895,11,627,1,0,0
21547,12,707,0,0,0
36698,23,343,0,0,0
41914,9,682,0,0,1
25315,0,379,0,1,1
9894,7,594,1,1,1
33309,21,666,0,1,1
22524,15,653,0,1,1
47346,12,826,1,0,1
37496,2,146,0,0,0
6470,2,323,0,0,0
9628,23,122,0,0,0
28376,4,252,0,1,1
44433,10,855,0,1,1
8279,6,899,0,0,0
48881,20,311,1,0,0
16943,23,601,1,0,0
24052,9,475,1,0,0
33260,9,570,1,1,1
44998,19,492,0,0,0
29616,1,575,0,1,1
10549,2,347,0,1,1
21225,7,820,1,0,0
7518,10,487,1,0,0
22846,12,473,0,1,1
2554,6,382,0,1,1
17861,12,280,1,0,0
15323,1,72,1,1,1
6801,5,521,1,0,0
2697,8,366,1,0,0
241,19,933,0,1,1
2759,1,94,1,1,1
21080,17,373,1,0,0
9131,15,339,0,0,0
15137,11,437,0,1,1
46838,6,336,0,1,1
38529,6,664,1,1,1
6242,16,492,1,1,1
12209,12,917,1,0,0
22110,10,868,1,0,0
8887,5,40,0,0,0
42964,22,359,0,1,1
8572,13,574,1,1,1
49675,5,254,1,0,0
23483,5,966,1,1,1
4349,1,581,0,1,1
47817,21,398,1,1,1
34618,19,757,0,1,1
18451,14,877,1,1,1
4188,16,170,0,1,1
15382,7,690,0,0,0
19430,4,701,1,0,0
42509,16,511,0,0,1
21878,19,260,0,0,0
24364,0,584,1,1,1
5175,21,984,0,0,0
10512,17,459,1,0,0
48554,14,529,0,0,1
28465,4,882,0,0,0
7330,6,341,0,1,1
48300,17,57,0,1,1
11102,5,218,1,0,0
14047,21,619,1,0,0
13786,20,816,1,1,1
29404,4,940,0,1,1
13174,18,685,0,0,0
4593,9,731,1,1,1
34328,14,464,1,1,1
14240,9,247,1,0,0
31755,15,730,1,1,1
43572,11,373,0,0,0
49537,17,417,1,0,0
49516,22,31,0,1,1
6916,0,368,1,1,1
11739,15,559,0,1,1
47292,21,646,1,1,1
46833,5,108,1,1,1
29592,2,584,0,1,1
11340,1,839,0,0,0
32798,1,418,1,1,1
27057,12,620,0,0,0
32908,8,821,1,1,1
5927,15,398,0,1,1
32862,4,272,1,1,1
8359,22,683,1,1,1
14949,20,116,1,1,1
16332,6,841,1,0,0
40672,12,586,1,0,1
24273,19,256,1,0,0
5474,23,81,1,1,1
21274,12,780,1,1,1
23667,6,128,0,1,1
35392,9,838,0,0,1
9377,14,915,0,0,0
31700,20,235,1,1,1
9985,5,553,1,0,0
878,4,181,1,1,1
29265,22,157,0,1,1
1592,1,454,0,0,0
30562,20,571,0,0,1
49912,14,857,0,0,1
13715,15,761,0,0,0
45000,18,704,1,1,1
43046,8,24,0,1,1
7951,21,473,1,0,0
16388,18,400,1,0,0
7256,6,948,1,0,0
2144,3,592,0,0,0
7468,2,134,0,1,1
20000,23,421,1,1,1
30700,19,213,0,1,1
46503,10,900,0,1,1
25734,0,482,1,1,1
9268,5,348,1,1,1
21061,10,166,1,1,1
49979,0,937,1,0,1
44196,20,348,1,1,1
46187,6,849,0,0,1
23952,5,398,1,0,0
33210,13,583,0,0,1
32274,1,726,0,1,1
34315,3,435,1,1,1
27055,10,577,1,1,1
6681,14,221,0,1,1
44719,17,308,1,0,0
6417,0,991,0,1,1
49778,2,798,1,0,1
42956,2,697,1,1,1
45814,6,719,0,1,1
26749,0,466,0,0,0
23232,10,99,1,0,0
16889,5,242,1,0,0
14667,19,158,1,1,1
14968,2,610,0,1,1
24470,18,554,1,0,0
42633,1,651,1,1,1
30583,17,795,1,0,1
12566,11,920,1,1,1
28903,9,227,0,0,0
18330,4,423,0,0,0
17962,8,72,0,1,1
43455,1,243,1,0,0
31359,1,530,1,1,1
33639,5,589,1,1,1
22009,9,45,0,0,0
30895,17,472,0,0,0
49168,11,371,0,1,1
8870,3,855,0,1,1
11193,21,652,1,0,0
46671,20,689,0,0,1
293,16,734,0,0,0
34875,14,927,1,1,1
17669,5,92,0,1,1
11290,15,22,1,1,1
42852,16,172,1,0,0
32427,2,604,1,0,1
42170,9,192,1,1,1
20489,4,77,1,1,1
40297,13,281,0,0,0
2361,20,364,0,1,1
28469,12,179,1,0,0
26612,5,238,0,0,0
6816,11,135,1,0,0
21359,7,877,0,1,1
29033,4,902,0,1,1
41789,14,280,0,0,0
4478,15,19,0,0,0
40683,0,595,0,1,1
46646,15,740,0,0,1
19935,4,371,0,1,1
29133,2,777,1,1,1
24100,19,112,1,1,1
45596,14,763,1,0,1
10432,12,676,0,0,0
42704,23,870,0,0,1
2900,15,680,1,0,0
29638,22,221,1,1,1
30219,10,920,0,0,1
8433,20,304,1,1,1
5510,1,703,1,0,0
17939,21,325,1,0,0
30619,5,437,1,0,0
5908,5,438,0,0,0
6896,13,170,1,0,0
21280,10,375,1,1,1
43156,7,557,1,0,1
17809,7,381,1,0,0
17643,0,986,0,0,0
37518,20,14,1,0,0
29175,6,743,1,0,0
37855,5,669,1,1,1
48068,20,500,1,0,0
37565,7,646,1,1,1
30602,18,391,0,0,0
16824,21,549,1,1,1
3928,20,565,1,0,0
17187,23,530,0,0,0
12705,19,983,1,1,1
31437,7,492,0,0,0
5582,13,550,1,1,1
27105,17,699,0,0,0
22860,15,385,0,1,1
5563,8,196,1,1,1
46728,14,755,0,1,1
5012,9,300,1,0,0
4748,21,815,0,1,1
33723,15,547,0,0,1
35734,3,727,1,1,1
44702,19,731,0,1,1
49162,12,828,1,1,1
49434,21,602,0,0,1
3212,4,308,0,0,0
22154,21,252,1,0,0
4592,6,8,1,1,1
22307,22,768,0,0,0
15214,8,875,1,0,0
34385,7,208,1,1,1
16118,15,937,0,1,1
21486,5,131,0,0,0
17840,15,736,1,0,0
44299,5,709,0,0,1
8310,13,980,1,1,1
44463,20,654,1,1,1
45739,0,764,1,1,1
12843,8,608,1,1,1
42192,23,26,1,1,1
44399,12,623,1,0,1
6688,18,454,0,0,0
3411,16,635,1,0,0
22532,10,186,0,1,1
33855,7,484,1,1,1
3421,22,680,0,0,0
15912,4,51,0,0,0
37483,9,891,0,0,1
48380,6,5,1,1,1
13246,9,589,0,1,1
13754,3,160,0,1,1
35920,8,208,1,1,1
826,13,257,0,1,1
3860,1,205,0,0,0
22290,8,767,1,0,0
1975,20,950,0,1,1
23477,0,11,0,1,1
46837,22,949,1,0,1
4133,9,8,0,1,1
38311,9,409,0,1,1
17473,19,936,0,0,0
3844,21,32,0,1,1
25095,2,984,1,1,1
17077,5,540,1,0,0
32502,5,718,1,1,1
34642,20,387,1,1,1
10751,1,228,0,0,0
33803,17,640,1,0,1
13495,22,767,1,1,1
29908,1,475,0,0,0
36676,11,724,0,0,1
16815,21,751,0,1,1
44509,4,207,1,0,0
24406,19,318,0,1,1
19186,6,795,0,0,0
14476,23,757,0,0,0
5989,15,557,1,1,1
37922,19,617,1,1,1
36736,0,348,1,1,1
20684,0,793,1,0,0
49453,16,234,1,1,1
34710,0,701,1,1,1
10158,20,44,1,0,0
9201,19,737,0,0,0
12597,12,942,0,0,0
4758,8,142,0,1,1
11481,14,648,1,0,0
40412,2,176,1,0,0
40586,13,654,0,1,1
46719,22,449,0,0,0
17254,10,592,1,0,0
19639,23,82,1,1,1
11877,21,135,1,0,0
34496,11,719,1,1,1
30473,12,856,1,1,1
33254,12,177,1,1,1
6131,0,383,1,1,1
28097,23,243,1,1,1
6539,9,567,0,0,0
22885,2,141,1,1,1
13492,23,457,1,1,1
28769,3,440,1,1,1
29039,15,56,0,1,1
2382,7,527,0,0,0
34724,15,697,1,0,1
48538,16,826,0,0,1
24464,18,419,0,1,1
2098,21,88,0,0,0
31805,14,609,1,0,1
38344,15,656,1,1,1
9528,14,8,1,1,1
37537,1,477,1,0,0
12436,10,215,1,0,0
9442,0,685,1,0,0
39932,14,735,1,0,1
7546,18,552,0,1,1
38492,3,497,1,1,1
7561,10,694,1,1,1
34687,4,503,1,1,1
10616,2,782,1,1,1
13849,12,699,1,0,0
17614,9,245,1,1,1
35526,10,478,1,1,1
36368,17,309,1,0,0
25050,1,231,0,1,1
34988,6,383,0,0,0
36888,8,155,1,1,1
10313,9,175,1,1,1
36127,17,848,0,1,1
28111,22,115,1,0,0
42949,6,390,1,1,1
34691,6,311,0,0,0
17958,2,993,1,1,1
18726,11,300,1,1,1
13567,6,18,1,0,0
39858,16,784,0,0,1
3234,0,12,0,1,1
16843,4,404,1,0,0
15534,15,813,0,1,1
47875,14,704,0,1,1
10333,1,232,0,0,0
49246,8,955,1,0,1
1241,6,605,0,0,0
18119,3,990,0,1,1
20484,19,730,0,0,0
43003,17,278,1,1,1
45834,20,353,0,0,0
36229,3,999,0,0,1
23067,12,303,1,0,0
40703,0,541,0,0,1
11272,23,470,0,0,0
16490,2,813,0,1,1
3367,15,77,1,0,0
39432,21,521,1,0,1
26267,3,24,0,1,1
21412,22,15,0,1,1
27940,15,676,0,1,1
19090,18,525,0,1,1
44279,0,347,0,0,0
6006,4,172,0,0,0
48896,18,869,1,1,1
40479,21,327,0,0,0
17397,23,712,0,1,1
2111,10,485,0,1,1
44114,12,489,1,0,0
46658,19,462,0,0,0
11838,4,378,1,1,1
28897,20,588,0,0,0
47598,3,164,0,1,1
11220,3,372,0,1,1
8867,3,573,0,1,1
22952,3,977,0,1,1
13803,19,424,0,0,0
1029,20,757,1,1,1
12051,17,477,0,1,1
26139,17,382,0,1,1
48713,15,155,0,0,0
29604,8,257,1,1,1
17538,17,756,0,1,1
48615,21,674,1,0,1
5844,1,68,0,1,1
18384,20,344,0,1,1
42517,3,277,1,1,1
39848,11,673,1,1,1
7169,6,391,0,0,0
42459,14,449,1,0,0
19899,6,259,1,0,0
33310,21,307,0,1,1
28326,20,847,0,0,0
4752,16,95,0,0,0
24423,15,950,1,1,1
42238,18,464,0,0,0
7697,8,970,0,0,0
47193,13,246,1,0,0
37326,16,733,1,1,1
6691,4,635,0,1,1
49214,1,187,1,0,0
25933,19,774,1,0,0
11926,15,925,1,1,1
26517,13,785,0,1,1
18793,13,373,0,1,1
14238,0,572,0,1,1
2269,2,406,1,0,0
18656,6,408,0,1,1
22152,14,125,0,0,0
6413,18,337,1,1,1
8415,19,341,1,1,1
8136,1,563,0,1,1
31878,18,178,1,1,1
27834,8,651,0,0,0
23273,18,952,0,0,0
30503,4,839,0,0,1
885,17,170,1,1,1
6239,15,39,1,0,0
6444,3,69,0,1,1
18900,11,236,0,1,1
25472,6,560,0,0,0
20638,13,381,0,1,1
15073,22,57,1,1,1
5719,11,277,0,0,0
34804,2,850,0,1,1
36675,4,99,1,1,1
40019,16,916,0,0,1
42361,9,527,0,0,1
45223,9,325,0,1,1
27816,10,461,0,0,0
3336,16,179,0,1,1
15948,4,844,1,0,0
2452,12,574,1,1,1
2032,9,119,1,0,0
11013,8,469,1,0,0
8656,16,549,0,1,1
21400,0,646,1,0,0
5598,3,455,1,0,0
10682,3,26,1,1,1
46733,17,490,1,0,0
9669,8,8,1,0,0
4957,17,969,1,0,0
440,13,987,1,1,1
44049,14,516,1,0,1
16866,5,533,0,1,1
26232,23,927,1,1,1
8591,9,149,0,0,0
238,14,488,1,1,1
458,3,25,1,1,1
9814,17,999,1,1,1
19940,17,655,0,1,1
34495,16,757,0,0,1
30754,11,931,1,0,1
25979,6,945,0,0,0
16096,15,555,1,1,1
37872,10,425,0,1,1
26862,13,293,0,0,0
13383,2,185,0,1,1
39520,18,554,1,0,1
19654,17,431,0,1,1
20319,9,604,0,0,0
35019,5,317,1,0,0
9529,12,398,0,0,0
46940,9,324,1,1,1
44795,17,565,1,0,1
39773,19,596,0,1,1
19318,15,546,1,1,1
12552,5,76,0,0,0
49080,12,865,0,0,1
19051,3,920,1,1,1
1407,22,916,0,1,1
14952,13,709,0,0,0
25332,0,486,1,0,0
35528,19,798,1,1,1
43271,4,88,0,0,0
26585,7,747,1,0,0
10338,11,232,1,0,0
39075,1,7,1,0,0
1240,11,804,1,1,1
24942,4,550,0,1,1
26521,21,976,0,0,0
1808,4,52,1,0,0
3730,12,655,0,1,1
19695,8,942,1,1,1
10585,9,919,1,1,1
28408,0,396,0,1,1
44889,2,221,0,1,1
26186,17,428,0,0,0
16959,11,752,0,0,0
7784,2,143,1,1,1
25652,8,861,1,1,1
1307,1,363,0,0,0
46199,2,382,1,1,1
2060,13,561,0,1,1
657,3,277,0,0,0
29789,18,271,0,0,0
48751,12,14,1,0,0
13993,6,298,1,0,0
32372,11,464,0,1,1
982,2,527,0,0,0
37629,22,234,0,1,1
38735,22,575,0,1,1
29635,8,708,1,1,1
12969,1,27,1,1,1
7266,21,471,0,0,0
13082,8,93,0,1,1
40797,11,617,1,1,1
38215,11,309,0,1,1
7369,14,52,1,0,0
28164,1,319,1,0,0
13627,17,969,0,0,0
2554,12,181,1,0,0
20978,13,569,1,0,0
13091,4,120,1,1,1
2908,9,820,1,0,0
39510,11,875,0,1,1
36693,9,43,1,0,0
36404,23,647,1,1,1
30486,10,885,1,0,1
48177,1,938,0,1,1
3902,4,260,0,0,0
28853,6,197,0,1,1
21183,5,645,1,1,1
18454,21,971,0,1,1
22290,22,255,0,1,1
6242,2,732,0,1,1
28498,12,336,1,1,1
41962,2,553,0,0,1
33232,23,502,0,0,1
19603,20,990,0,1,1
48556,5,900,1,1,1
34731,10,255,1,1,1
16599,16,514,0,1,1
39952,9,707,0,1,1
8116,11,242,0,1,1
2484,16,149,1,1,1
15172,3,710,1,0,0
36803,1,299,0,1,1
45995,10,757,1,1,1
14582,6,850,0,0,0
40610,1,620,1,0,1
49033,17,453,0,1,1
21926,20,393,1,0,0
2590,3,212,0,0,0
46192,7,668,1,0,1
25618,19,538,0,1,1
24145,13,594,0,1,1
27010,11,595,0,0,0
24666,21,131,0,1,1
34005,20,329,1,1,1
27203,17,612,0,1,1
36288,10,256,1,0,0
5945,7,479,1,0,0
21262,1,561,0,0,0
36774,14,913,0,0,1
19437,8,63,0,1,1
22413,18,311,0,1,1
27043,19,407,1,1,1
12513,7,802,1,0,0
376,18,105,1,0,0
17711,4,617,1,1,1
39205,10,837,0,0,1
12044,14,15,1,0,0
16006,7,687,0,1,1
49947,18,259,0,0,0
20636,22,723,1,0,0
27910,7,412,1,1,1
12406,18,259,1,0,0
10603,17,614,1,1,1
19325,9,260,1,1,1
37076,6,856,1,0,1
11690,8,671,0,1,1
10986,0,45,0,0,0
12966,18,955,0,0,0
1188,4,813,1,0,0
3463,18,763,0,0,0
32892,0,331,0,0,0
9864,14,165,0,0,0
20720,15,193,0,0,0
42827,22,521,0,0,1
13035,6,401,0,0,0
8168,11,374,1,1,1
7395,7,65,1,1,1
41260,4,387,1,0,0
11490,9,495,0,0,0
41316,20,794,1,0,1
20231,4,693,1,1,1
29318,16,415,0,1,1
10533,4,794,1,0,0
15138,21,791,0,0,0
28282,14,30,1,0,0
11628,12,266,0,1,1
21381,0,328,0,0,0
48611,10,492,1,1,1
8705,22,217,0,1,1
34882,0,320,1,0,0
1481,10,918,0,1,1
1198,17,399,1,0,0
19910,17,891,1,1,1
24422,20,105,0,1,1
41969,15,696,1,0,1
33055,12,330,1,0,0
44816,6,660,1,1,1
10307,0,617,0,1,1
21893,15,47,0,1,1
2192,0,599,1,0,0
28320,16,821,1,0,0
18614,5,949,0,0,0
38110,1,641,0,0,1
8649,16,770,1,1,1
22131,5,314,0,1,1
5285,13,147,0,1,1
15371,17,958,1,1,1
5876,5,462,0,1,1
12549,9,584,0,0,0
24397,23,486,0,0,0
40691,17,652,1,1,1
15817,8,410,0,1,1
40223,7,27,1,1,1
39333,9,29,0,1,1
45605,16,271,0,1,1
46192,22,686,1,1,1
10450,5,501,1,1,1
30722,13,253,1,1,1
35423,21,385,1,0,0
3051,21,60,0,1,1
17722,5,107,1,1,1
4827,6,220,1,0,0
38554,11,441,1,0,0
36569,2,771,0,1,1
35648,13,883,0,0,1
23882,21,658,1,0,0
28554,18,564,1,1,1
2468,22,572,1,0,0
15692,15,546,1,1,1
22273,6,96,0,1,1
33304,7,989,1,1,1
35696,17,89,0,0,0
34424,12,828,1,0,1
46232,20,922,1,1,1
23964,8,231,0,1,1
47929,9,968,1,0,1
30850,20,275,1,1,1
10676,22,246,1,0,0
16666,8,111,1,0,0
7290,14,234,0,0,0
23171,19,278,1,0,0
38433,1,477,1,0,0
15469,12,417,0,0,0
24135,1,678,1,1,1
1689,18,128,0,1,1
25335,1,237,1,0,0
259,2,803,1,0,0
12245,5,619,1,1,1
15473,2,128,0,1,1
32021,9,707,0,1,1
39423,23,851,1,1,1
16337,5,394,0,1,1
42071,22,475,1,1,1
8344,15,655,0,1,1
14843,16,395,1,1,1
31666,18,111,0,0,0
46201,2,90,1,1,1
46209,17,763,0,0,1
18791,6,280,0,1,1
34096,8,333,0,1,1
5690,19,224,0,1,1
5685,11,101,1,1,1
9327,4,132,1,1,1
28378,2,13,0,0,0
38914,10,457,1,1,1
12337,3,441,0,0,0
15749,4,98,1,0,0
37813,0,120,0,1,1
8027,17,293,1,0,0
45509,11,816,1,1,1
48866,12,711,0,1,1
46254,8,1,0,1,1
7116,1,572,0,0,0
14127,4,250,0,1,1
48788,12,652,0,0,1
24242,15,149,1,1,1
46620,15,395,0,1,1
23645,23,44,1,0,0
31997,2,883,0,0,1
3267,21,698,1,0,0
44857,3,620,1,0,1
27017,10,44,0,0,0
22836,22,78,0,0,0
28090,13,226,1,1,1
14187,2,162,1,0,0
22540,15,793,0,1,1
35305,21,253,1,1,1
15375,14,132,1,1,1
5376,9,448,1,1,1
41727,8,884,1,1,1
40686,10,887,1,0,1
37596,15,474,1,1,1
19108,9,656,0,1,1
5838,16,778,0,1,1
32502,18,109,0,0,0
5893,1,706,0,0,0
37391,23,35,1,0,0
5671,22,467,0,0,0
31431,1,902,1,1,1
16309,5,275,1,0,0
48114,18,187,0,1,1
25494,7,949,0,0,0
43248,2,243,1,0,0
25782,13,264,0,0,0
2324,15,974,0,0,0
41257,0,522,1,1,1
48795,20,963,1,0,1
44552,2,678,1,1,1
43508,21,541,1,1,1
32541,17,783,1,1,1
41530,8,87,1,1,1
39229,5,535,0,1,1
34816,22,210,0,1,1
44959,20,46,0,1,1
26686,0,467,1,0,0
44860,20,540,1,1,1
23578,9,26,0,0,0
6418,5,266,0,0,0
28794,22,175,0,1,1
20280,11,516,1,1,1
12280,3,311,0,0,0
33102,12,322,0,0,0
15472,16,579,0,1,1
29896,7,135,1,1,1
24527,19,55,0,0,0
33390,2,976,0,0,1
28199,11,543,1,1,1
45586,6,586,1,0,1
9921,11,531,1,0,0
5932,1,156,1,1,1
12920,23,849,1,0,0
16311,13,668,0,1,1
39990,21,147,0,1,1
5942,22,485,1,1,1
1416,4,599,1,0,0
46068,8,20,1,1,1
17608,20,269,1,0,0
22105,10,333,0,1,1
15306,4,555,0,1,1
19071,2,907,1,0,0
25699,16,944,1,0,0
22156,1,911,1,0,0
1478,23,401,1,1,1
1619,0,950,0,0,0
22261,6,306,1,1,1
40803,13,28,1,0,0
38961,4,467,0,1,1
5455,18,260,1,1,1
9183,10,534,0,1,1
38442,22,982,1,1,1
20556,1,887,1,0,0
13424,7,101,0,0,0
2357,8,551,1,1,1
27464,2,802,0,1,1
25072,1,353,0,0,0
46279,6,300,0,0,0
26754,4,682,1,0,0
15333,20,296,1,0,0
15987,4,353,0,0,0
29420,19,908,1,0,0
20908,12,130,1,1,1
30254,20,156,1,0,0
34873,19,74,0,0,0
27847,5,342,0,1,1
10960,19,465,1,0,0
42938,17,90,0,0,0
42256,1,579,1,0,1
18256,5,455,1,1,1
20460,8,748,1,0,0
18235,2,712,0,1,1
25451,0,980,0,0,0
30599,0,332,1,1,1
47477,18,739,0,0,1
23654,4,977,1,0,0
49231,12,348,0,0,0
19704,18,233,0,1,1
17023,11,778,0,0,0
47691,15,598,1,0,1
8647,18,102,1,1,1
44383,2,953,1,1,1
33102,11,481,0,1,1
14662,4,214,1,0,0
7580,1,108,1,1,1
26772,21,165,1,0,0
4313,6,973,1,1,1
10393,12,603,0,1,1
34541,14,704,0,0,1
2200,21,335,1,0,0
44717,2,86,0,0,0
28272,20,734,0,0,0
20232,19,875,0,1,1
18299,4,424,0,1,1
36709,23,613,0,1,1
43065,7,738,1,0,1
8116,21,364,0,0,0
39879,0,60,1,1,1
37361,7,482,1,1,1
31981,23,250,1,0,0
17158,17,560,0,1,1
24572,19,117,0,1,1
41446,15,739,0,1,1
35026,17,874,0,0,1
34932,19,915,1,1,1
36121,11,968,1,0,1
24187,12,999,1,1,1
12928,12,545,0,0,0
31228,9,44,1,1,1
1501,6,509,1,1,1
19743,13,988,1,1,1
15293,23,165,0,0,0
26953,15,368,1,1,1
44964,14,857,1,1,1
20407,11,292,0,0,0
37082,8,849,1,0,1
19711,7,856,0,1,1
43891,17,917,1,1,1
12050,22,898,0,1,1
10804,17,799,0,1,1
43211,12,876,0,1,1
11967,17,737,1,0,0
2845,14,286,1,1,1
3966,3,204,0,0,0
32345,16,684,0,0,1
44824,4,524,0,1,1
5918,21,819,0,0,0
48961,15,121,0,1,1
30216,8,945,0,0,1
15593,9,756,0,0,0
28138,23,664,0,1,1
20547,17,664,0,1,1
30531,16,188,0,0,0
18008,17,907,0,1,1
29436,6,13,0,1,1
41092,3,603,1,0,1
4125,4,200,0,0,0
20193,22,586,1,0,0
6255,15,768,1,1,1
46707,2,456,1,1,1
33587,17,448,0,1,1
47758,22,788,1,0,1
21063,20,840,0,1,1
21036,13,841,1,0,0
4526,14,71,0,0,0
23403,16,590,0,0,0
45380,0,796,1,0,1
27706,20,130,1,0,0
47932,16,889,0,0,1
28251,22,43,1,0,0
13867,10,520,0,1,1
11408,16,13,0,0,0
44345,13,725,0,1,1
45771,19,623,1,1,1
24870,18,988,0,1,1
28672,20,803,0,1,1
41548,6,535,0,1,1
2304,23,302,0,0,0
27333,12,766,1,1,1
21829,17,527,1,1,1
31231,22,642,1,1,1
33970,13,573,1,0,1
38111,0,115,0,1,1
39482,6,460,0,1,1
49167,7,832,0,1,1
41575,17,505,0,1,1
46781,8,308,0,0,0
21707,0,932,0,1,1
25068,21,963,1,0,0
33498,16,325,0,0,0
12008,18,579,0,1,1
26523,5,761,0,1,1
43715,2,175,1,0,0
9271,23,851,0,1,1
12821,4,514,0,1,1
49529,1,172,0,1,1
16716,19,997,1,0,0
42612,3,960,0,0,1
38558,9,502,0,1,1
46269,9,977,1,1,1
7759,23,334,0,0,0
43469,20,284,1,0,0
11804,10,475,0,0,0
32893,15,54,1,0,0
48252,16,458,0,0,0
46573,15,579,0,0,1
31326,6,420,1,0,0
23952,15,614,0,1,1
32182,2,632,0,0,1
22894,15,703,1,0,0
41520,7,409,0,1,1
13479,11,982,1,1,1
7106,2,304,0,1,1
8782,16,935,1,0,0
33940,20,559,0,0,1
32530,17,222,0,1,1
23191,10,533,1,1,1
33083,3,158,0,1,1
24089,15,348,1,0,0
10015,16,159,1,1,1
42652,8,889,1,0,1
19090,5,884,0,0,0
24834,23,922,0,0,0
14924,19,235,0,0,0
36181,1,662,1,1,1
11133,8,405,1,1,1
42836,20,257,1,1,1
16341,5,677,0,0,0
6039,2,589,1,1,1
47564,19,597,0,0,1
47662,5,558,0,0,1
35163,6,905,0,0,1
34564,0,913,0,1,1
11285,22,47,0,0,0
27145,0,213,0,0,0
44869,4,479,0,1,1
47218,5,487,0,1,1
19267,12,571,1,1,1
36512,1,566,0,0,1
21725,14,342,0,0,0
39288,14,524,1,1,1
27176,12,704,1,0,0
44705,13,503,1,0,1
19129,21,6,1,1,1
23073,6,821,0,1,1
39221,13,144,1,1,1
31533,23,858,1,1,1
43409,9,261,1,1,1
2032,16,585,1,1,1
44354,13,686,0,1,1
1857,7,232,1,1,1
30822,3,270,1,0,0
37953,15,940,1,0,1
38505,23,447,1,0,0
1216,12,874,0,0,0
43627,21,222,1,0,0
11791,19,52,1,0,0
592,17,116,1,0,0
27982,13,538,0,0,0
8911,17,565,1,0,0
27908,4,877,1,0,0
24372,8,541,0,0,0
28499,2,19,1,1,1
6574,7,815,0,0,0
27056,19,392,0,1,1
47253,21,791,1,0,1
42606,9,629,1,1,1
14079,21,618,0,0,0
44623,18,419,0,1,1
42665,20,991,1,0,1
28428,2,309,0,1,1
47475,10,739,0,0,1
12967,10,864,1,1,1
25951,16,186,0,0,0
31379,15,261,0,1,1
30627,6,528,0,1,1
7966,3,273,0,1,1
15549,22,160,0,1,1
10785,18,870,0,1,1
23644,11,762,1,1,1
5551,14,224,0,1,1
21742,10,256,1,1,1
41416,4,180,1,0,0
40054,4,20,1,0,0
38970,14,624,1,0,1
31130,17,632,1,1,1
30973,10,706,1,1,1
719,11,468,1,0,0
33750,1,623,1,0,1
25472,19,210,0,1,1
3742,14,513,1,1,1
28101,19,58,1,0,0
34164,3,93,1,1,1
29390,21,221,0,0,0
14222,17,723,1,1,1
24920,5,940,0,0,0
2995,22,232,1,0,0
5466,18,774,1,1,1
8811,10,364,0,0,0
19696,23,615,1,1,1
18893,1,562,0,1,1
8299,7,374,0,1,1
10817,10,622,1,1,1
36291,4,456,1,1,1
10311,17,88,0,0,0
45650,22,20,0,1,1
23460,17,14,1,1,1
21642,13,133,1,0,0
31412,21,937,1,1,1
45342,9,808,0,0,1
36535,2,34,1,1,1
28347,8,892,0,0,0
22457,2,208,1,1,1
41145,10,813,0,1,1
27791,11,199,0,1,1
12524,11,592,1,1,1
18952,2,583,0,1,1
22701,20,155,0,0,0
18120,6,590,0,0,0
8255,13,78,0,1,1
3683,23,172,0,0,0
15615,10,289,1,1,1
36877,6,545,1,1,1
19810,20,812,0,1,1
43278,9,788,1,0,1
24632,10,879,0,1,1
18701,14,420,0,0,0
5067,18,7,1,1,1
18853,15,160,0,1,1
20122,21,240,0,0,0
43563,20,963,0,1,1
9235,19,423,1,0,0
5822,11,989,1,1,1
27513,17,536,0,1,1
27336,22,726,0,1,1
15614,12,70,0,0,0
43996,4,880,0,1,1
37312,3,216,0,0,0
40486,13,104,1,1,1
20431,7,727,1,1,1
18160,8,54,1,0,0
1296,18,806,1,1,1
12397,2,330,0,1,1
2887,4,848,0,0,0
23916,20,203,1,0,0
40795,17,288,1,0,0
19802,0,45,0,1,1
25342,7,829,1,0,0
2276,18,198,0,0,0
20227,16,216,0,1,1
41660,16,481,0,0,0
27328,10,309,1,0,0
20308,1,896,1,1,1
28582,5,435,1,0,0
9271,21,332,1,1,1
35319,13,696,1,0,1
33496,2,27,0,0,0
42689,11,166,1,1,1
40646,3,318,0,0,0
3796,11,274,0,1,1
20158,12,383,0,0,0
20413,1,365,1,0,0
19249,1,103,1,1,1
45840,14,960,1,1,1
41175,22,503,1,0,1
5056,16,845,1,0,0
10295,6,373,1,0,0
17176,13,616,1,1,1
1205,11,926,1,1,1
15517,16,245,0,0,0
24829,13,817,1,0,0
47056,5,169,0,0,0
30199,18,628,0,1,1
32698,23,653,0,0,1
30061,5,418,0,1,1
12702,17,356,1,1,1
9356,23,478,1,0,0
20684,4,125,0,1,1
47080,23,537,0,1,1
34781,23,706,0,0,1
25892,5,896,1,0,0
22004,1,612,0,0,0
43461,7,402,0,0,0
34640,14,517,1,0,1
26636,14,531,0,0,0
19264,10,682,1,0,0
13096,21,786,1,1,1
2971,21,254,0,0,0
46102,23,121,0,0,0
49912,0,32,0,0,0
22726,17,661,1,0,0
10621,11,778,1,0,0
43510,11,37,1,0,0
1232,10,689,0,1,1
33567,7,342,0,0,0
14634,6,13,0,1,1
23954,22,183,0,0,0
43098,20,657,0,1,1
39165,1,265,0,1,1
45707,10,88,1,1,1
7912,21,940,1,0,0
4657,9,462,1,0,0
2279,2,46,0,0,0
43898,19,392,1,0,0
9165,9,119,1,0,0
8375,17,933,1,0,0
47957,13,531,0,1,1
36048,17,447,0,1,1
20800,23,732,1,1,1
39564,7,942,0,0,1
42451,9,745,0,0,1
27894,21,606,0,1,1
28883,12,967,0,0,0
17098,20,763,1,0,0
13969,7,762,0,0,0
44625,3,794,1,1,1
28252,3,744,1,1,1
21054,4,46,0,0,0
31655,0,886,0,1,1
16754,16,508,0,1,1
45126,1,558,1,0,1
35336,7,971,1,0,1
47076,6,526,1,1,1
15142,14,597,1,1,1
26066,4,831,1,0,0
48507,1,840,1,0,1
44414,6,3,1,0,0
45195,7,28,0,1,1
14370,6,381,1,1,1
31008,6,157,1,0,0
15623,13,855,1,0,0
47168,20,914,1,0,1
20091,17,931,0,0,0
10875,5,511,1,1,1
12365,3,333,1,0,0
19559,9,844,0,0,0
16773,17,687,0,1,1
27156,11,114,1,0,0
6714,15,389,1,1,1
36120,6,487,1,1,1
7515,5,843,1,1,1
23255,4,250,1,0,0
49530,2,571,1,1,1
43984,11,715,0,0,1
17064,14,315,0,1,1
37826,9,239,1,1,1
37144,19,234,1,1,1
37644,18,303,1,0,0
32352,15,607,0,0,1
3932,10,991,1,1,1
25375,7,653,0,0,0
15001,2,334,0,1,1
38313,22,113,1,1,1
34248,6,621,0,1,1
42733,22,362,1,1,1
23018,6,857,0,0,0
46794,13,801,1,1,1
19640,1,97,1,0,0
11680,9,958,0,1,1
38502,18,847,0,1,1
38678,8,16,0,1,1
25017,15,556,1,1,1
22418,18,954,0,1,1
10279,17,376,0,0,0
12351,8,742,1,0,0
45999,15,390,1,1,1
19593,12,620,0,0,0
20566,9,217,0,0,0
30306,19,399,0,1,1
45575,13,260,1,1,1
19724,11,824,1,1,1
26664,18,320,0,1,1
22512,6,196,1,0,0
28090,22,478,0,0,0
35617,14,418,0,0,0
13256,15,475,1,0,0
23164,7,607,0,1,1
25811,9,568,0,1,1
30206,3,544,1,1,1
16689,18,231,0,1,1
23836,18,884,0,0,0
21075,20,521,1,0,0
36318,14,703,0,1,1
7314,13,873,0,0,0
30681,0,200,1,0,0
20295,15,846,1,1,1
44682,9,673,1,0,1
27227,18,599,0,1,1
5241,21,21,1,0,0
28984,2,311,0,0,0
24985,4,588,1,1,1
2808,8,953,0,1,1
18475,17,898,0,1,1
15188,10,653,1,0,0
44702,15,638,0,1,1
45146,1,763,0,0,1
10114,11,900,1,1,1
3373,21,596,0,0,0
47235,5,434,0,1,1
37406,10,371,0,1,1
30981,7,560,1,0,1
31586,11,891,1,0,1
12641,1,78,1,1,1
8812,8,542,1,0,0
9268,14,285,1,1,1
3651,1,648,1,0,0
12397,0,140,1,0,0
43833,9,553,1,1,1
27228,1,998,0,1,1
2932,11,282,0,0,0
28583,22,562,0,0,0
22163,7,258,0,0,0
23063,4,823,1,0,0
13522,21,360,0,1,1
33020,0,440,0,1,1
11256,14,270,0,0,0
11208,5,134,0,1,1
31945,11,746,0,0,1
2900,7,640,1,0,0
38178,12,104,1,0,0
42812,18,766,0,1,1
2710,0,95,0,0,0
12167,10,849,0,1,1
33972,19,729,0,1,1
10828,0,573,1,0,0
29666,7,480,0,1,1
29883,4,780,1,0,0
20683,16,241,0,0,0
20338,7,13,1,1,1
7363,9,147,1,0,0
2014,1,940,1,1,1
23849,8,752,0,1,1
19556,23,601,0,1,1
25682,22,95,1,0,0
506,2,827,0,1,1
13789,17,293,0,0,0
33034,6,25,1,0,0
33376,14,272,0,1,1
36532,20,505,1,1,1
19973,21,166,0,0,0
13150,19,939,0,1,1
780,17,762,1,1,1
19008,2,87,1,1,1
18604,22,654,1,0,0
21744,13,646,1,1,1
37225,23,985,0,0,1
1463,1,791,0,0,0
42391,13,638,0,1,1
35160,21,828,1,1,1
1638,10,491,0,0,0
36276,15,908,0,0,1
41620,7,141,0,1,1
25775,6,868,1,0,0
18387,10,103,1,1,1
274,2,226,0,0,0
26832,16,902,0,1,1
35098,13,575,1,0,1
37155,5,294,1,1,1
12212,7,896,1,1,1
39974,21,306,1,0,0
9789,4,254,0,1,1
44914,7,180,1,0,0
19655,1,40,0,0,0
34019,14,776,1,0,1
7719,11,701,0,0,0
6133,16,520,0,1,1
41428,0,616,1,0,1
5046,14,737,0,0,0
24718,13,546,0,0,0
34775,19,236,0,1,1
36358,21,463,1,0,0
19019,15,228,1,1,1
4273,8,700,1,1,1
43933,0,825,0,0,1
26500,16,483,0,1,1
4869,12,430,0,0,0
37664,20,22,0,1,1
45914,20,343,1,1,1
14311,4,40,0,0,0
23355,9,173,0,1,1
28062,5,439,0,0,0
19456,23,179,1,1,1
20406,18,598,0,0,0
5097,12,133,1,0,0
17476,0,351,1,0,0
40980,19,525,0,0,1
38155,14,540,0,1,1
10678,13,506,0,0,0
18724,7,84,0,0,0
39294,9,993,1,0,1
44467,8,464,1,0,0
489,16,830,1,1,1
33867,8,861,1,0,1
45680,2,343,1,1,1
48467,10,280,1,0,0
1955,11,866,1,0,0
40993,9,263,1,0,0
13894,16,166,1,0,0
35631,16,293,1,0,0
5086,10,509,0,0,0
32398,21,580,0,1,1
1581,3,226,0,1,1
3831,6,170,1,0,0
16935,20,598,0,0,0
27898,13,645,1,0,0
26213,6,448,1,1,1
19577,23,690,0,0,0
17366,7,855,1,1,1
20892,0,502,0,1,1
20552,23,764,1,1,1
43626,21,527,1,1,1
49179,3,735,0,1,1
41434,11,379,0,0,0
11989,23,201,0,1,1
24435,2,619,0,1,1
11354,12,250,0,0,0
21174,19,949,0,0,0
11542,5,409,1,1,1
46389,10,601,1,0,1
37427,22,125,1,0,0
16299,3,113,1,0,0
7391,19,981,0,1,1
41028,15,137,1,1,1
212,6,759,1,0,0
21615,21,496,0,0,0
19681,10,678,1,1,1
48792,23,150,0,1,1
26600,0,875,0,0,0
32126,6,343,0,1,1
16623,11,945,1,1,1
1524,6,580,0,0,0
19652,22,733,1,0,0
10908,6,783,1,1,1
38911,9,321,1,1,1
7089,15,822,0,1,1
23720,7,926,0,0,0
39129,8,861,0,0,1
987,8,532,1,0,0
31902,1,289,1,0,0
19588,12,489,0,1,1
30113,12,492,1,0,0
49301,22,612,0,0,1
16502,22,252,0,1,1
21305,3,982,1,0,0
26149,23,77,1,1,1
12353,11,647,0,0,0
19090,16,392,1,1,1
7946,1,412,0,1,1
25127,12,173,0,1,1
39300,17,875,1,0,1
46320,14,201,0,1,1
46263,7,217,1,0,0
3865,14,376,0,0,0
16050,0,720,1,0,0
45370,19,586,1,0,1
9841,9,11,0,0,0
22842,11,799,1,0,0
24803,4,768,1,1,1
38809,8,12,0,1,1
37723,22,892,1,0,1
23031,7,991,0,0,0
23680,15,590,1,0,0
15266,13,435,0,0,0
29340,12,684,0,0,0
26091,22,608,0,1,1
38656,20,818,0,1,1
33069,12,373,1,0,0
10661,4,273,0,0,0
17001,15,931,1,1,1
40605,10,897,0,0,1
30120,21,925,1,0,1
26017,4,691,0,0,0
2088,12,576,1,1,1
48309,10,509,1,1,1
44605,18,132,0,0,0
14356,2,855,0,1,1
22292,14,924,0,1,1
28330,6,784,1,0,0
40030,6,319,1,1,1
45933,5,844,1,1,1
22725,2,949,1,1,1
32188,12,853,0,1,1
14214,6,621,0,1,1
41267,4,785,0,1,1
38501,22,168,0,0,0
5855,17,397,1,0,0
10925,21,180,1,0,0
22793,7,58,0,1,1
4217,16,480,1,0,0
24829,19,933,0,1,1
32282,0,591,1,1,1
28990,13,460,1,0,0
29440,16,61,1,1,1
1618,9,369,1,0,0
31049,11,121,1,1,1
22647,15,719,1,0,0
16446,13,546,0,0,0
2700,15,582,1,0,0
46105,7,17,0,0,0
29367,22,496,0,1,1
36422,9,497,0,0,0
27090,16,505,0,1,1
16293,17,532,0,0,0
30209,19,969,0,0,1
19333,15,315,1,0,0
48121,16,69,1,1,1
16294,15,727,1,0,0
34610,18,161,0,0,0
1406,23,614,0,1,1
3949,23,888,0,0,0
12460,7,718,1,1,1
45636,5,145,1,0,0
29331,5,569,1,0,0
45900,20,595,0,0,1
37063,8,993,0,1,1
18789,3,385,0,0,0
29184,11,269,1,0,0
40487,11,923,0,0,1
9380,22,454,0,1,1
2742,16,699,0,1,1
42237,14,518,0,1,1
14396,8,865,1,1,1
15538,6,350,1,1,1
48542,9,110,0,1,1
37625,15,483,0,0,0
3094,11,407,1,0,0
48094,6,650,1,0,1
34139,17,51,0,0,0
1913,14,403,1,0,0
27591,5,563,1,1,1
18945,11,476,0,1,1
41343,10,87,1,1,1
37264,19,68,1,0,0
42151,2,596,1,1,1
13418,1,979,1,0,0
17300,5,42,0,1,1
182,23,731,1,0,0
2020,21,57,1,1,1
40685,4,738,0,0,1
11783,17,196,1,1,1
11436,15,760,0,0,0
15696,7,678,0,1,1
2193,19,62,1,0,0
13005,21,263,1,0,0
24451,10,112,1,0,0
31081,9,765,1,0,1
8467,23,711,1,1,1
5385,11,178,0,1,1
43764,20,948,1,1,1
37805,5,26,0,0,0
16853,19,410,1,1,1
18585,4,758,0,0,0
13077,22,531,1,1,1
19974,8,777,1,0,0
7774,15,317,1,1,1
29138,21,532,1,0,0
29415,13,106,1,0,0
3776,21,749,0,1,1
2526,7,818,1,1,1
24573,19,464,1,1,1
3062,18,246,1,0,0
30043,13,81,0,0,0
959,6,662,1,0,0
44916,4,909,0,1,1
4238,17,396,1,0,0
35292,1,522,0,1,1
25740,10,833,1,0,0
10509,21,736,1,1,1
4117,7,926,0,0,0
10551,0,264,1,0,0
28427,21,661,0,1,1
10378,11,790,1,0,0
25044,1,274,1,0,0
43864,17,706,0,1,1
1234,6,944,1,0,0
30231,16,172,0,1,1
37987,21,265,0,1,1
38562,22,963,1,0,1
22620,13,822,1,0,0
21969,23,26,1,0,0
37032,6,469,0,1,1
5139,21,862,0,0,0
21381,2,476,1,1,1
47499,5,356,0,0,0
10542,19,26,0,0,0
8352,1,34,0,1,1
27686,16,264,0,0,0
17668,11,138,1,0,0
20910,11,816,1,0,0
1651,16,695,1,0,0
12725,9,875,0,0,0
34497,2,754,0,1,1
26349,19,566,0,0,0
1461,17,462,0,1,1
26249,12,168,1,0,0
4470,11,631,0,0,0
5383,16,655,0,1,1
7710,3,81,1,0,0
43426,22,757,1,0,1
15024,9,914,1,1,1
47707,10,864,0,1,1
44817,5,870,0,0,1
10726,5,407,0,1,1
34861,8,574,0,1,1
969,14,46,0,1,1
31652,1,599,0,1,1
1114,3,611,1,0,0
10203,4,807,0,0,0
17086,16,911,1,1,1
44881,7,53,1,0,0
30571,7,984,1,1,1
33558,21,704,0,0,1
25169,11,959,0,0,0
16973,20,476,1,1,1
23348,7,592,0,1,1
23724,18,16,0,0,0
43616,2,360,1,0,0
29161,17,487,0,0,0
24270,20,838,0,1,1
8124,18,706,0,0,0
16778,18,502,0,1,1
38356,14,141,1,1,1
20511,5,620,1,1,1
43903,15,815,0,0,1
19396,7,777,0,1,1
26393,15,447,0,0,0
27272,17,290,1,1,1
21228,19,209,0,0,0
18357,15,475,0,0,0
12955,10,413,1,1,1
19742,6,677,0,1,1
35685,16,427,1,0,0
20125,16,854,0,0,0
4558,11,371,1,1,1
5407,12,832,0,1,1
41801,9,664,0,0,1
18525,6,967,1,0,0
49931,13,290,1,1,1
43527,22,432,1,0,0
28373,0,268,1,1,1
38606,16,151,1,1,1
5768,3,719,0,1,1
26034,20,255,1,1,1
47295,4,353,1,0,0
7797,19,377,1,1,1
24517,23,653,1,1,1
16546,22,855,0,0,0
40697,6,358,0,0,0
10851,9,608,0,1,1
46318,16,941,0,1,1
7452,6,370,0,1,1
13616,0,227,1,1,1
23399,6,705,0,1,1
32057,23,303,0,1,1
29027,10,826,1,0,0
41194,8,389,1,0,0
36512,11,377,0,1,1
29593,2,973,0,0,0
26811,3,118,1,0,0
8103,3,5,0,1,1
31807,12,444,1,0,0
3378,22,352,1,0,0
7396,18,755,0,1,1
25498,9,533,0,1,1
35942,4,664,0,1,1
13361,6,640,1,0,0
11273,23,124,1,1,1
30549,15,658,0,0,1
41180,0,277,0,1,1
1737,11,822,0,1,1
31881,1,394,1,1,1
13752,6,664,1,1,1
5203,10,360,1,0,0
25600,12,623,0,0,0
49896,1,469,1,1,1
34900,6,985,1,0,1
35629,14,628,0,1,1
48063,10,700,1,1,1
18552,1,57,0,0,0
49493,6,251,1,0,0
31274,3,896,0,1,1
35536,10,919,0,1,1
47506,1,150,1,1,1
16054,15,452,0,0,0
17286,6,162,1,1,1
12456,12,120,0,1,1
33063,4,582,0,1,1
2287,16,924,0,1,1
11807,20,351,1,1,1
35198,11,99,0,1,1
27035,18,167,0,0,0
21325,6,810,1,1,1
3706,5,663,0,1,1
32928,7,838,0,0,1
26589,12,976,0,0,0
14487,4,514,0,1,1
4027,1,664,1,0,0
6396,8,401,0,1,1
30544,10,365,0,0,0
46490,23,577,1,0,1
46993,5,326,0,1,1
2691,6,581,0,0,0
44995,6,633,1,1,1
48616,18,621,1,0,1
26247,5,828,1,1,1
38989,10,247,1,0,0
1300,10,434,0,1,1
15821,6,93,1,1,1
19338,1,268,0,1,1
11187,18,615,1,1,1
30916,3,943,0,0,1
23508,5,963,1,1,1
39840,16,624,1,0,1
236,4,321,0,0,0
17513,6,923,1,1,1
48214,8,816,1,1,1
19078,0,856,1,0,0
761,0,62,0,0,0
35340,18,300,1,0,0
27353,5,403,1,1,1
26984,17,955,0,1,1
32954,9,648,0,0,1
10804,10,567,1,0,0
39087,0,620,0,0,1
24627,0,303,0,1,1
16422,12,770,0,0,0
47617,4,253,1,0,0
7068,19,734,1,0,0
27618,0,478,0,0,0
46464,19,369,1,1,1
27986,2,679,0,0,0
1800,17,941,1,1,1
28346,8,160,0,1,1
35568,13,961,1,0,1
23299,16,166,0,1,1
44689,22,205,1,0,0
32215,13,267,1,0,0
5620,3,138,0,0,0
44378,4,368,1,0,0
36555,20,443,1,0,0
49848,16,858,1,1,1
21029,21,760,1,1,1
41705,1,567,1,0,1
15055,22,916,1,1,1
44149,21,721,1,0,1
14017,4,17,1,1,1
4857,3,68,0,1,1
13145,3,133,1,0,0
41780,5,700,0,1,1
4833,19,919,1,1,1
31054,20,430,0,1,1
31235,12,308,1,0,0
7181,21,650,0,1,1
41558,4,174,0,1,1
23601,22,412,1,1,1
21213,22,97,0,1,1
34541,6,683,1,1,1
47186,19,154,1,1,1
24790,0,695,0,1,1
44039,13,242,1,1,1
29445,23,304,0,1,1
46413,3,285,0,0,0
44671,16,27,1,1,1
26929,20,402,1,1,1
35162,13,360,1,1,1
3730,15,60,1,1,1
47961,13,202,1,1,1
31970,15,762,0,0,1
49398,23,874,0,0,1
47321,19,581,1,0,1
45042,7,970,1,0,1
3553,23,370,1,1,1
37375,2,533,0,1,1
43470,18,152,0,1,1
38496,0,102,0,0,0
8428,1,899,1,0,0
15634,14,607,1,0,0
19844,21,446,0,0,0
19489,9,873,1,1,1
36420,17,229,1,1,1
49270,21,125,0,0,0
35110,13,770,0,1,1
14765,16,834,1,0,0
37965,12,999,0,0,1
8740,0,881,1,0,0
34816,4,938,0,0,1
25621,12,236,0,1,1
30149,13,162,1,1,1
5718,23,554,1,0,0
37104,2,788,0,0,1
2020,14,353,1,1,1
44037,18,68,0,1,1
4288,16,173,1,0,0
12307,2,843,0,0,0
338,15,637,0,0,0
33072,13,682,0,0,1
10899,11,559,1,0,0
5652,11,261,0,1,1
29016,10,217,0,1,1
5027,16,817,0,0,0
28064,7,124,0,0,0
11264,16,805,1,0,0
37258,20,162,1,0,0
19171,22,201,0,1,1
48509,19,454,0,1,1
6260,10,402,1,0,0
15910,1,462,0,1,1
5226,9,275,1,0,0
30109,9,206,0,0,0
33684,10,40,1,1,1
46282,5,273,0,0,0
25496,3,700,1,1,1
292,23,867,1,0,0
36513,11,93,1,0,0
12916,10,42,0,0,0
39182,22,465,1,0,0
32230,22,379,1,1,1
40242,12,107,0,0,0
36568,4,328,0,1,1
30798,5,65,0,1,1
10755,0,365,0,0,0
47997,5,821,1,1,1
30175,17,484,0,0,0
9459,21,647,0,1,1
36761,8,901,0,1,1
39679,23,24,0,0,0
42156,14,540,0,0,1
33372,7,62,0,1,1
42681,18,491,0,0,0
14771,23,273,1,0,0
27148,15,229,1,1,1
10838,5,20,1,1,1
26063,5,3,1,0,0
44054,21,421,1,1,1
